date,open,close,high,low
2014-03-27,568.0,558.46,568.0,552.92
2014-03-28,561.2,559.99,566.43,558.67
2014-03-31,566.89,556.97,567.0,556.93
2014-04-01,558.71,567.16,568.45,558.71
2014-04-02,565.106,567.0,604.83,562.19
2014-04-03,569.85,569.74,587.28,564.13
2014-04-04,574.65,543.14,577.77,543.0
2014-04-07,540.74,538.15,548.48,527.15
2014-04-08,542.6,554.9,555.0,541.61
2014-04-09,559.62,564.14,565.37,552.95
2014-04-10,565.0,540.95,565.0,539.9
2014-04-11,532.55,530.6,540.0,526.53
2014-04-14,538.25,532.52,544.1,529.561
2014-04-15,536.82,536.44,538.45,518.4601
2014-04-16,543.0,556.54,557.0,540.0
2014-04-17,548.81,536.1,549.5,531.15
2014-04-21,536.1,528.62,536.7,525.6
2014-04-22,528.64,534.81,537.23,527.51
2014-04-23,533.79,526.94,533.87,526.25
2014-04-24,530.07,525.16,531.65,522.12
2014-04-25,522.51,516.18,524.7,515.42
2014-04-28,517.18,517.15,518.6,502.8
2014-04-29,516.9,527.7,529.46,516.32
2014-04-30,527.6,526.66,528.0,522.52
2014-05-01,527.11,531.35,532.93,523.88
2014-05-02,533.76,527.93,533.9999,525.61
2014-05-05,524.82,527.81,528.9,521.32
2014-05-06,525.23,515.14,526.81,515.06
2014-05-07,515.79,509.96,516.68,503.3
2014-05-08,508.46,511.0,517.23,506.45
2014-05-09,510.75,518.73,519.9,504.2
2014-05-12,523.51,529.92,530.19,519.01
2014-05-13,530.89,533.09,536.07,529.51
2014-05-14,533.0,526.65,533.0,525.29
2014-05-15,525.7,519.98,525.87,517.42
2014-05-16,521.39,520.63,521.8,515.44
2014-05-19,519.7,528.86,529.78,517.583
2014-05-20,529.74,529.77,536.23,526.3
2014-05-21,532.9,538.94,539.1828,531.91
2014-05-22,541.13,545.06,547.5999,540.78
2014-05-23,547.26,552.7,553.64,543.7
2014-05-27,556.0,565.95,566.0,554.35
2014-05-28,564.57,561.68,567.84,561.0
2014-05-29,563.35,560.08,564.0,558.71
2014-05-30,560.8,559.89,561.35,555.91
2014-06-02,560.7,553.93,560.9,545.73
2014-06-03,550.99,544.94,552.34,542.55
2014-06-04,541.5,544.66,548.61,538.75
2014-06-05,546.4,553.9,554.95,544.45
2014-06-06,558.06,556.33,558.06,548.93
2014-06-09,557.15,562.12,562.9,556.04
2014-06-10,560.51,560.55,563.6,557.9
2014-06-11,558.0,558.84,559.88,555.0201
2014-06-12,557.3,551.35,557.99,548.46
2014-06-13,552.26,551.76,552.3,545.56
2014-06-16,549.26,544.28,549.62,541.52
2014-06-17,544.2,543.01,545.32,539.33
2014-06-18,544.86,553.37,553.56,544.0
2014-06-19,554.24,554.9,555.0,548.51
2014-06-20,556.85,556.36,557.58,550.3915
2014-06-23,555.15,564.95,565.0,554.25
2014-06-24,565.19,564.62,572.646,561.01
2014-06-25,565.26,578.65,579.96,565.22
2014-06-26,581.0,576.0,582.45,571.85
2014-06-27,577.18,577.24,579.87,573.8
2014-06-30,578.66,575.28,579.57,574.75
2014-07-01,578.32,582.67,584.4,576.65
2014-07-02,583.35,582.335,585.4399,580.39
2014-07-03,583.35,584.73,585.01,580.92
2014-07-07,583.76,582.25,586.4299,579.59
2014-07-08,577.66,571.09,579.5284,566.135
2014-07-09,571.58,576.08,576.72,569.376
2014-07-10,565.91,571.1,576.59,565.01
2014-07-11,571.91,579.18,580.85,571.42
2014-07-14,582.6,584.87,585.21,578.03
2014-07-15,585.74,584.78,585.8045,576.56
2014-07-16,588.0,582.66,588.4,582.2
2014-07-17,579.53,573.7299,580.99,568.61
2014-07-18,593.0,595.08,596.8,582.0
2014-07-21,591.75,589.47,594.4,585.2326
2014-07-22,590.72,594.74,599.65,590.6
2014-07-23,593.23,595.98,597.85,592.5
2014-07-24,596.45,593.35,599.5,591.77
2014-07-25,590.4,589.02,591.86,587.03
2014-07-28,588.07,590.6,592.5,584.7533
2014-07-29,588.75,585.61,589.7,583.515
2014-07-30,586.55,587.42,589.5,584.0
2014-07-31,580.6,571.6,583.6499,570.0
2014-08-01,570.4,566.07,575.9599,562.85
2014-08-04,569.04,573.15,575.35,564.1
2014-08-05,570.05,565.07,571.98,562.61
2014-08-06,561.78,566.374,570.7,560.0
2014-08-07,568.0,563.36,569.89,561.1
2014-08-08,563.56,568.77,570.25,560.35
2014-08-11,569.99,567.88,570.49,566.0
2014-08-12,564.52,562.73,565.9,560.88
2014-08-13,567.31,574.78,575.0,565.75
2014-08-14,576.18,574.65,577.9,570.88
2014-08-15,577.86,573.48,579.38,570.52
2014-08-18,576.11,582.16,584.51,576.0
2014-08-19,585.0,586.86,587.34,584.0
2014-08-20,585.88,584.49,586.7,582.57
2014-08-21,583.82,583.37,584.5,581.14
2014-08-22,583.59,582.56,585.236,580.64
2014-08-25,584.72,580.2,585.0,579.0
2014-08-26,581.26,577.86,581.8,576.58
2014-08-27,577.27,571.0,578.49,570.103
2014-08-28,569.56,569.2,573.25,567.1
2014-08-29,571.33,571.6,572.04,567.0692
2014-09-02,571.85,577.33,577.83,571.19
2014-09-03,580.0,577.94,582.99,575.0
2014-09-04,580.0,581.98,586.0,579.22
2014-09-05,583.98,586.08,586.55,581.95
2014-09-08,586.6,589.72,591.77,586.3
2014-09-09,588.9,581.01,589.0,580.0
2014-09-10,581.5,583.1,583.5,576.94
2014-09-11,580.36,581.35,581.81,576.26
2014-09-12,581.0,575.62,581.64,574.46
2014-09-15,572.94,573.1,574.95,568.21
2014-09-16,572.76,579.95,581.5,572.66
2014-09-17,580.01,584.77,587.5199,578.775
2014-09-18,587.0,589.27,589.54,585.0
2014-09-19,591.5,596.08,596.48,589.5
2014-09-22,593.82,587.37,593.949,583.46
2014-09-23,586.85,581.13,586.85,581.0
2014-09-24,581.46,587.99,589.63,580.52
2014-09-25,587.55,575.06,587.98,574.18
2014-09-26,576.06,577.1,579.25,574.66
2014-09-29,571.75,576.36,578.19,571.17
2014-09-30,576.93,577.36,579.85,572.85
2014-10-01,576.01,568.27,577.5799,567.01
2014-10-02,567.31,570.08,571.91,563.32
2014-10-03,573.05,575.28,577.225,572.5
2014-10-06,578.8,577.35,581.0,574.44
2014-10-07,574.4,563.74,575.27,563.74
2014-10-08,565.57,572.5,573.88,557.49
2014-10-09,571.18,560.88,571.49,559.06
2014-10-10,557.72,544.49,565.1299,544.05
2014-10-13,544.99,533.21,549.5,533.1
2014-10-14,538.9,537.94,547.19,533.1695
2014-10-15,531.01,530.03,532.8,518.3
2014-10-16,519.0,524.51,529.43,515.0
2014-10-17,527.25,511.17,530.98,508.53
2014-10-20,509.45,520.84,521.76,508.1
2014-10-21,525.19,526.54,526.79,519.11
2014-10-22,529.89,532.71,539.8,528.8
2014-10-23,539.32,543.98,547.22,535.85
2014-10-24,544.36,539.78,544.88,535.79
2014-10-27,537.03,540.77,544.41,537.03
2014-10-28,543.0,548.9,548.98,541.62
2014-10-29,550.0,549.33,554.19,546.98
2014-10-30,548.95,550.31,552.8,543.51
2014-10-31,559.35,559.08,559.57,554.75
2014-11-03,555.5,555.22,557.9,553.23
2014-11-04,553.0,554.11,555.5,549.3
2014-11-05,556.8,545.92,556.8,544.05
2014-11-06,545.5,542.04,546.885,540.97
2014-11-07,546.21,541.01,546.21,538.67
2014-11-10,541.46,547.49,549.59,541.02
2014-11-11,548.49,550.29,551.9399,546.3
2014-11-12,550.39,547.31,550.46,545.17
2014-11-13,549.8,545.38,549.8,543.48
2014-11-14,546.68,544.4,546.68,542.15
2014-11-17,543.58,536.51,543.79,534.061
2014-11-18,537.5,535.03,541.94,534.17
2014-11-19,535.0,536.99,538.24,530.08
2014-11-20,531.25,534.83,535.11,531.08
2014-11-21,541.61,537.5,542.14,536.56
2014-11-24,537.65,539.27,542.7,535.62
2014-11-25,539.0,541.08,543.98,538.602
2014-11-26,540.88,540.37,541.55,537.042
2014-11-28,540.62,541.83,542.0,536.6
2014-12-01,538.9,533.8,541.41,531.86
2014-12-02,533.51,533.75,535.5,529.8
2014-12-03,531.44,531.32,535.996,529.26
2014-12-04,531.16,537.31,537.34,528.59
2014-12-05,531.0,525.26,532.89,524.28
2014-12-08,527.13,526.98,531.0,523.79
2014-12-09,522.14,533.37,534.19,520.5
2014-12-10,533.08,526.06,536.33,525.56
2014-12-11,527.8,528.34,533.92,527.1
2014-12-12,523.51,518.66,528.5,518.66
2014-12-15,522.74,513.8,523.1,513.27
2014-12-16,511.56,495.39,513.05,489.0
2014-12-17,497.0,504.89,507.0,496.81
2014-12-18,512.95,511.1,513.87,504.7
2014-12-19,511.51,516.35,517.72,506.9106
2014-12-22,516.08,524.87,526.46,516.08
2014-12-23,527.0,530.59,534.56,526.29
2014-12-24,530.51,528.77,531.759,527.02
2014-12-26,528.77,534.03,534.25,527.31
2014-12-29,532.19,530.33,535.48,530.011
2014-12-30,528.09,530.42,531.15,527.13
2014-12-31,531.25,526.4,532.6,525.8
2015-01-02,529.01,524.81,531.27,524.1
2015-01-05,523.26,513.87,524.33,513.06
2015-01-06,515.0,501.96,516.175,501.05
2015-01-07,507.0,501.1,507.244,499.65
2015-01-08,497.99,502.68,503.48,491.0
2015-01-09,504.76,496.17,504.92,494.79
2015-01-12,494.94,492.55,495.976,487.56
2015-01-13,498.84,496.18,502.98,492.39
2015-01-14,494.65,500.87,503.23,493.0
2015-01-15,505.57,501.79,505.68,497.76
2015-01-16,500.01,508.08,508.19,500.0
2015-01-20,511.0,506.9,512.5,506.016
2015-01-21,507.25,518.04,519.28,506.2
2015-01-22,521.48,534.39,536.33,519.7
2015-01-23,535.59,539.95,542.17,533.0
2015-01-26,538.53,535.21,539.0,529.67
2015-01-27,529.97,518.63,530.7,518.19
2015-01-28,522.78,510.0,522.99,510.0
2015-01-29,511.0,510.66,511.09,501.2
2015-01-30,515.86,534.52,539.87,515.52
2015-02-02,531.73,528.48,533.0,518.55
2015-02-03,528.0,529.24,533.4,523.26
2015-02-04,529.24,522.76,532.6715,521.27
2015-02-05,523.79,527.58,528.5,522.09
2015-02-06,527.64,531.0,537.2,526.41
2015-02-09,528.0,527.83,532.0,526.02
2015-02-10,529.3,536.94,537.7,526.92
2015-02-11,535.3,535.97,538.45,533.3775
2015-02-12,537.25,542.93,544.82,534.673
2015-02-13,543.35,549.01,549.91,543.13
2015-02-17,546.83,542.84,550.0,541.09
2015-02-18,541.4,539.7,545.49,537.51
2015-02-19,538.04,542.87,543.11,538.01
2015-02-20,543.13,538.95,543.75,535.8
2015-02-23,536.05,531.91,536.439,529.41
2015-02-24,530.0,536.09,536.79,528.25
2015-02-25,535.9,543.87,546.22,535.445
2015-02-26,543.21,555.48,556.14,541.5
2015-02-27,554.24,558.4,564.71,552.9
2015-03-02,560.53,571.34,572.15,558.75
2015-03-03,570.45,573.64,575.39,566.52
2015-03-04,571.87,573.37,577.11,568.01
2015-03-05,575.02,575.33,577.91,573.41
2015-03-06,574.88,567.685,576.6799,566.76
2015-03-09,566.86,568.85,570.27,563.535
2015-03-10,564.25,555.01,564.85,554.73
2015-03-11,555.14,551.18,558.14,550.68
2015-03-12,553.51,555.51,556.37,550.46
2015-03-13,553.5,547.32,558.4,544.22
2015-03-16,550.95,554.51,556.85,546.0
2015-03-17,551.71,550.84,553.8,548.0
2015-03-18,552.5,559.5,559.78,547.0001
2015-03-19,559.39,557.99,560.8,556.145
2015-03-20,561.65,560.36,561.72,559.05
2015-03-23,560.43,558.81,562.36,555.83
2015-03-24,562.56,570.19,574.59,561.21
2015-03-25,570.5,558.785,572.26,558.74
2015-03-26,557.59,555.17,558.9,550.65
2015-03-27,553.0,548.34,555.28,548.13
2015-03-30,551.62,552.03,553.47,548.17
2015-03-31,550.0,548.0,554.71,546.72
2015-04-01,548.6,542.56,551.14,539.5
2015-04-02,540.85,535.53,540.85,533.8467
2015-04-06,532.22,536.765,538.41,529.57
2015-04-07,538.08,537.02,542.69,536.0
2015-04-08,538.38,541.61,543.85,538.38
2015-04-09,541.03,540.78,541.95,535.49
2015-04-10,542.29,540.01,542.29,537.31
2015-04-13,538.41,539.17,544.06,537.31
2015-04-14,536.25,530.39,537.5699,528.0925
2015-04-15,528.7,532.53,534.73,523.22
2015-04-16,529.9,533.8,535.59,529.61
2015-04-17,528.66,524.05,529.84,521.01
2015-04-20,525.6,535.38,536.09,524.5
2015-04-21,537.51,533.97,539.39,533.675
2015-04-22,534.4,539.365,541.08,531.75
2015-04-23,541.0,547.0,550.96,540.23
2015-04-24,566.1,565.06,571.14,557.25
2015-04-27,563.39,555.37,565.95,553.2001
2015-04-28,554.64,553.68,556.02,550.366
2015-04-29,550.47,549.08,553.68,546.905
2015-04-30,547.87,537.34,548.59,535.05
2015-05-01,538.43,537.9,539.54,532.1
2015-05-04,538.53,540.78,544.07,535.06
2015-05-05,538.21,530.8,539.74,530.3906
2015-05-06,531.24,524.22,532.38,521.085
2015-05-07,523.99,530.7,533.46,521.75
2015-05-08,536.65,538.22,541.15,536.0
2015-05-11,538.37,535.7,541.98,535.4
2015-05-12,531.6,529.04,533.2089,525.26
2015-05-13,530.56,529.62,534.3215,528.655
2015-05-14,533.77,538.4,539.0,532.41
2015-05-15,539.18,533.85,539.2743,530.38
2015-05-18,532.01,532.3,534.82,528.85
2015-05-19,533.98,537.36,540.66,533.04
2015-05-20,538.49,539.27,542.92,532.972
2015-05-21,537.95,542.51,543.8399,535.98
2015-05-22,540.15,540.11,544.19,539.51
2015-05-26,538.12,532.32,539.0,529.88
2015-05-27,532.8,539.79,540.55,531.71
2015-05-28,538.01,539.78,540.61,536.25
2015-05-29,537.37,532.11,538.63,531.45
2015-06-01,536.79,533.99,536.79,529.76
2015-06-02,532.93,539.18,543.0,531.33
2015-06-03,539.91,540.31,543.5,537.11
2015-06-04,537.76,536.7,540.59,534.32
2015-06-05,536.35,533.33,537.2,532.52
2015-06-08,533.31,526.83,534.12,526.24
2015-06-09,527.56,526.69,529.2,523.01
2015-06-10,529.36,536.69,538.36,529.35
2015-06-11,538.425,534.61,538.98,533.02
2015-06-12,531.6,532.33,533.12,530.16
2015-06-15,528.0,527.2,528.3,524.0
2015-06-16,528.4,528.15,529.6399,525.56
2015-06-17,529.37,529.26,530.98,525.1
2015-06-18,531.0,536.73,538.15,530.79
2015-06-19,537.21,536.69,538.25,533.01
2015-06-22,539.59,538.19,543.74,537.53
2015-06-23,539.64,540.48,541.499,535.25
2015-06-24,540.0,537.84,540.0,535.66
2015-06-25,538.87,535.23,540.9,535.23
2015-06-26,537.26,531.69,537.76,531.35
2015-06-29,525.01,521.52,528.61,520.54
2015-06-30,526.02,520.51,526.25,520.5
2015-07-01,524.73,521.84,525.69,518.2305
2015-07-02,521.08,523.4,524.65,521.08
2015-07-06,519.5,522.86,525.25,519.0
2015-07-07,523.13,525.02,526.18,515.18
2015-07-08,521.05,516.83,522.734,516.11
2015-07-09,523.12,520.68,523.77,520.35
2015-07-10,526.29,530.13,532.56,525.55
2015-07-13,532.88,546.55,547.11,532.4001
2015-07-14,546.76,561.1,565.8487,546.71
2015-07-15,560.13,560.22,566.5029,556.79
2015-07-16,565.12,579.85,580.68,565.0
2015-07-17,649.0,672.93,674.468,645.0
2015-07-20,659.24,663.02,668.88,653.01
2015-07-21,655.21,662.3,673.0,654.3
2015-07-22,660.89,662.1,678.64,659.0
2015-07-23,661.27,644.28,663.63,641.0
2015-07-24,647.0,623.56,648.17,622.52
2015-07-27,621.0,627.26,634.3,620.5
2015-07-28,632.83,628.0,632.83,623.31
2015-07-29,628.8,631.93,633.36,622.65
2015-07-30,630.0,632.59,635.22,622.05
2015-07-31,631.38,625.61,632.91,625.5
2015-08-03,625.34,631.21,633.0556,625.34
2015-08-04,628.42,629.25,634.81,627.16
2015-08-05,634.33,643.78,647.86,633.16
2015-08-06,645.0,642.68,645.379,632.25
2015-08-07,640.23,635.3,642.68,629.71
2015-08-10,639.48,633.73,643.44,631.249
2015-08-11,669.2,660.78,674.9,654.27
2015-08-12,663.08,659.56,665.0,652.29
2015-08-13,659.3225,656.45,664.5,651.661
2015-08-14,655.01,657.12,659.855,652.66
2015-08-17,656.8,660.87,661.38,651.24
2015-08-18,661.9,656.13,664.0,653.46
2015-08-19,656.6,660.9,667.0,654.19
2015-08-20,655.46,646.83,662.99,642.9
2015-08-21,639.78,612.48,640.05,612.33
2015-08-24,573.0,589.61,614.0,565.05
2015-08-25,614.91,582.06,617.45,581.11
2015-08-26,610.35,628.62,631.71,599.05
2015-08-27,639.4,637.61,643.59,622.0
2015-08-28,632.82,630.38,636.88,624.56
2015-08-31,627.54,618.25,635.8,617.68
2015-09-01,602.36,597.79,612.86,594.1
2015-09-02,605.68,614.34,614.34,599.71
2015-09-03,617.0,606.25,619.71,602.8213
2015-09-04,600.0,600.7,603.47,595.25
2015-09-08,612.49,614.66,616.31,604.12
2015-09-09,621.22,612.72,626.52,609.6
2015-09-10,613.1,621.35,624.16,611.43
2015-09-11,619.75,625.77,625.78,617.42
2015-09-14,625.7,623.24,625.86,619.43
2015-09-15,626.7,635.14,638.7,623.78
2015-09-16,635.47,635.98,637.95,632.32
2015-09-17,637.79,642.9,650.9,635.02
2015-09-18,636.79,629.25,640.0,627.02
2015-09-21,634.4,635.44,636.49,625.94
2015-09-22,627.0,622.69,627.55,615.43
2015-09-23,622.05,622.36,628.93,620.0
2015-09-24,616.64,625.8,627.32,612.4
2015-09-25,629.77,611.97,629.77,611.0
2015-09-28,610.34,594.89,614.605,589.38
2015-09-29,597.28,594.97,605.0,590.22
2015-09-30,603.28,608.42,608.76,600.73
2015-10-01,608.37,611.29,612.09,599.85
2015-10-02,607.2,626.91,627.34,603.13
2015-10-05,632.0,641.47,643.01,627.0
2015-10-06,638.84,645.44,649.25,636.5295
2015-10-07,649.24,642.36,650.609,632.15
2015-10-08,641.36,639.16,644.45,625.56
2015-10-09,640.0,643.61,645.99,635.318
2015-10-12,642.09,646.67,648.5,639.01
2015-10-13,643.15,652.3,657.8125,643.15
2015-10-14,653.21,651.16,659.39,648.85
2015-10-15,654.66,661.74,663.13,654.46
2015-10-16,664.11,662.2,664.97,657.2
2015-10-19,661.18,666.1,666.82,659.58
2015-10-20,664.04,650.28,664.7197,644.195
2015-10-21,654.15,642.61,655.87,641.73
2015-10-22,646.7,651.79,657.8,644.01
2015-10-23,727.5,702.0,730.0,701.5
2015-10-26,701.55,712.78,719.15,701.26
2015-10-27,707.38,708.49,713.62,704.55
2015-10-28,707.33,712.95,712.98,703.08
2015-10-29,710.5,716.92,718.26,710.01
2015-10-30,715.73,710.81,718.0,710.05
2015-11-02,711.06,721.11,721.62,705.85
2015-11-03,718.86,722.16,724.65,714.72
2015-11-04,722.0,728.11,733.1,721.9
2015-11-05,729.47,731.25,739.48,729.47
2015-11-06,731.5,733.76,735.41,727.01
2015-11-09,730.2,724.89,734.71,719.43
2015-11-10,724.4,728.32,730.59,718.5001
2015-11-11,732.46,735.4,741.0,730.23
2015-11-12,731.0,731.23,737.8,728.645
2015-11-13,729.17,717.0,731.15,716.73
2015-11-16,715.6,728.96,729.49,711.33
2015-11-17,729.29,725.3,731.845,723.027
2015-11-18,727.58,740.0,741.41,727.0
2015-11-19,738.74,738.41,742.0,737.43
2015-11-20,746.53,756.6,757.92,743.0
2015-11-23,757.45,755.98,762.7075,751.82
2015-11-24,752.0,748.28,755.279,737.63
2015-11-25,748.14,748.15,752.0,746.06
2015-11-27,748.46,750.26,753.41,747.49
2015-11-30,748.81,742.6,754.93,741.27
2015-12-01,747.11,767.04,768.95,746.7
2015-12-02,768.9,762.38,775.955,758.96
2015-12-03,766.01,752.54,768.995,745.63
2015-12-04,753.1,766.81,768.49,750.0
2015-12-07,767.77,763.25,768.73,755.09
2015-12-08,757.89,762.37,764.8,754.2
2015-12-09,759.17,751.61,764.23,737.001
2015-12-10,752.85,749.46,755.85,743.83
2015-12-11,741.16,738.87,745.71,736.75
2015-12-14,741.79,747.77,748.73,724.17
2015-12-15,753.0,743.4,758.08,743.01
2015-12-16,750.0,758.09,760.59,739.435
2015-12-17,762.42,749.43,762.68,749.0
2015-12-18,746.51,739.31,754.13,738.15
2015-12-21,746.13,747.77,750.0,740.0
2015-12-22,751.65,750.0,754.85,745.53
2015-12-23,753.47,750.31,754.21,744.0
2015-12-24,749.55,748.4,751.35,746.62
2015-12-28,752.92,762.51,762.99,749.52
2015-12-29,766.69,776.6,779.98,766.43
2015-12-30,776.6,771.0,777.6,766.9
2015-12-31,769.5,758.88,769.5,758.34
2016-01-04,743.0,741.84,744.06,731.2577
2016-01-05,746.45,742.58,752.0,738.64
2016-01-06,730.0,743.62,747.18,728.92
2016-01-07,730.31,726.39,738.5,719.06
2016-01-08,731.45,714.47,733.23,713.0
2016-01-11,716.61,716.03,718.855,703.54
2016-01-12,721.68,726.07,728.75,717.3165
2016-01-13,730.85,700.56,734.74,698.61
2016-01-14,705.38,714.72,721.925,689.1
2016-01-15,692.29,694.45,706.74,685.37
2016-01-19,703.3,701.79,709.98,693.4101
2016-01-20,688.61,698.45,706.85,673.26
2016-01-21,702.18,706.59,719.19,694.46
2016-01-22,723.6,725.25,728.13,720.121
2016-01-25,723.58,711.67,729.68,710.01
2016-01-26,713.85,713.04,718.28,706.48
2016-01-27,713.67,699.99,718.235,694.39
2016-01-28,722.22,730.96,733.69,712.35
2016-01-29,731.53,742.95,744.9899,726.8
2016-02-01,750.46,752.0,757.86,743.27
2016-02-02,784.5,764.65,789.8699,764.65
2016-02-03,770.22,726.95,774.5,720.5
2016-02-04,722.81,708.01,727.0,701.86
2016-02-05,703.87,683.57,703.99,680.15
2016-02-08,667.85,682.74,684.03,663.06
2016-02-09,672.32,678.11,699.9,668.77
2016-02-10,686.86,684.12,701.31,682.13
2016-02-11,675.0,683.11,689.35,668.8675
2016-02-12,690.26,682.4,693.75,678.6
2016-02-16,692.98,691.0,698.0,685.05
2016-02-17,699.0,708.4,709.75,691.38
2016-02-18,710.0,697.35,712.35,696.03
2016-02-19,695.03,700.91,703.0805,694.05
2016-02-22,707.45,706.46,713.24,702.51
2016-02-23,701.45,695.85,708.4,693.58
2016-02-24,688.92,699.56,700.0,680.78
2016-02-25,700.01,705.75,705.98,690.585
2016-02-26,708.58,705.07,713.43,700.86
2016-02-29,700.32,697.77,710.89,697.68
2016-03-01,703.62,718.81,718.81,699.77
2016-03-02,719.0,718.85,720.0,712.0
2016-03-03,718.68,712.42,719.45,706.02
2016-03-04,714.99,710.89,716.49,706.02
2016-03-07,706.9,695.16,708.0912,686.9
2016-03-08,688.59,693.97,703.79,685.34
2016-03-09,698.47,705.24,705.68,694.0
2016-03-10,708.12,712.82,716.44,703.36
2016-03-11,720.0,726.82,726.92,717.125
2016-03-14,726.81,730.49,735.5,725.15
2016-03-15,726.92,728.33,732.29,724.77
2016-03-16,726.37,736.09,737.47,724.51
2016-03-17,736.45,737.78,743.07,736.0
2016-03-18,741.86,737.6,742.0,731.83
2016-03-21,736.5,742.09,742.5,733.5157
2016-03-22,737.46,740.75,745.0,737.46
2016-03-23,742.36,738.06,745.7199,736.15
2016-03-24,732.01,735.3,737.747,731.0
2016-03-28,736.79,733.53,738.99,732.5
2016-03-29,734.59,744.77,747.25,728.76
2016-03-30,750.1,750.53,757.88,748.74
2016-03-31,749.25,744.95,750.85,740.94
2016-04-01,738.6,749.91,750.34,737.0
2016-04-04,750.06,745.29,752.8,742.43
2016-04-05,738.0,737.8,742.8,735.37
2016-04-06,735.77,745.69,746.24,735.56
2016-04-07,745.37,740.28,746.9999,736.28
2016-04-08,743.97,739.15,745.45,735.55
2016-04-11,743.02,736.1,745.0,736.05
2016-04-12,738.0,743.09,743.83,731.01
2016-04-13,749.16,751.72,754.38,744.261
2016-04-14,754.01,753.2,757.31,752.705
2016-04-15,753.98,759.0,761.0,752.6938
2016-04-18,760.46,766.61,768.05,757.3
2016-04-19,769.51,753.93,769.9,749.33
2016-04-20,758.0,752.67,758.1315,750.01
2016-04-21,755.38,759.14,760.45,749.55
2016-04-22,726.3,718.77,736.12,713.61
2016-04-25,716.1,723.15,723.93,715.59
2016-04-26,725.42,708.14,725.766,703.0264
2016-04-27,707.29,705.84,708.98,692.3651
2016-04-28,708.26,691.02,714.17,689.55
2016-04-29,690.7,693.01,697.62,689.0
2016-05-02,697.63,698.21,700.64,691.0
2016-05-03,696.87,692.36,697.84,692.0
2016-05-04,690.49,695.7,699.75,689.01
2016-05-05,697.7,701.43,702.3199,695.72
2016-05-06,698.38,711.12,711.86,698.1067
2016-05-09,712.0,712.9,718.71,710.0
2016-05-10,716.75,723.18,723.5,715.72
2016-05-11,723.41,715.29,724.48,712.8
2016-05-12,717.06,713.31,719.25,709.0
2016-05-13,711.93,710.83,716.6619,709.26
2016-05-16,709.13,716.49,718.48,705.65
2016-05-17,715.99,706.23,721.52,704.11
2016-05-18,703.67,706.63,711.6,700.63
2016-05-19,702.36,700.32,706.0,696.8
2016-05-20,701.62,709.74,714.58,700.52
2016-05-23,706.53,704.24,711.4781,704.18
2016-05-24,706.86,720.09,720.97,706.86
2016-05-25,720.76,725.27,727.51,719.7047
2016-05-26,722.87,724.12,728.33,720.28
2016-05-27,724.01,732.66,733.936,724.0
2016-05-31,731.74,735.72,739.73,731.26
2016-06-01,734.53,734.15,737.21,730.66
2016-06-02,732.5,730.4,733.02,724.17
2016-06-03,729.27,722.34,729.49,720.56
2016-06-06,724.91,716.55,724.91,714.61
2016-06-07,719.84,716.65,721.98,716.55
2016-06-08,723.96,728.28,728.57,720.58
2016-06-09,722.87,728.58,729.54,722.3361
2016-06-10,719.47,719.41,725.89,716.43
2016-06-13,716.51,718.36,725.44,716.51
2016-06-14,716.48,718.27,722.47,713.12
2016-06-15,719.0,718.92,722.98,717.31
2016-06-16,714.91,710.36,716.65,703.26
2016-06-17,708.65,691.72,708.82,688.4515
2016-06-20,698.77,693.71,702.48,693.41
2016-06-21,698.4,695.94,702.77,692.01
2016-06-22,699.06,697.46,700.86,693.0819
2016-06-23,697.45,701.87,701.95,687.0
2016-06-24,675.17,675.22,689.4,673.45
2016-06-27,671.0,668.26,672.3,663.284
2016-06-28,678.97,680.04,680.33,673.0
2016-06-29,683.0,684.11,687.4292,681.41
2016-06-30,685.47,692.1,692.32,683.65
2016-07-01,692.2,699.21,700.65,692.1301
2016-07-05,696.06,694.49,696.94,688.88
2016-07-06,689.98,697.77,701.68,689.09
2016-07-07,698.08,695.36,698.2,688.215
2016-07-08,699.5,705.63,705.71,696.435
2016-07-11,708.05,715.09,716.51,707.24
2016-07-12,719.12,720.64,722.94,715.91
2016-07-13,723.62,716.98,724.0,716.85
2016-07-14,721.58,720.95,722.21,718.03
2016-07-15,725.73,719.85,725.74,719.055
2016-07-18,722.71,733.78,736.13,721.19
2016-07-19,729.89,736.96,736.99,729.0
2016-07-20,737.33,741.19,742.13,737.1
2016-07-21,740.36,738.63,741.69,735.831
2016-07-22,741.86,742.74,743.24,736.56
2016-07-25,740.67,739.77,742.61,737.5
2016-07-26,739.04,738.42,741.69,734.27
2016-07-27,738.28,741.77,744.46,737.0
2016-07-28,747.04,745.91,748.65,739.3
2016-07-29,772.71,768.79,778.55,766.77
2016-08-01,761.09,772.88,780.43,761.09
2016-08-02,768.69,771.07,775.84,767.85
2016-08-03,767.18,773.18,773.21,766.82
2016-08-04,772.22,771.61,774.07,768.795
2016-08-05,773.78,782.22,783.04,772.34
2016-08-08,782.0,781.76,782.63,778.091
2016-08-09,781.1,784.26,788.94,780.57
2016-08-10,783.75,784.68,786.8123,782.778
2016-08-11,785.0,784.85,789.75,782.97
2016-08-12,781.5,783.22,783.395,780.4
2016-08-15,783.75,782.44,787.49,780.11
2016-08-16,780.3,777.14,780.98,773.444
2016-08-17,777.32,779.91,780.81,773.53
2016-08-18,780.01,777.5,782.86,777.0
2016-08-19,775.0,775.42,777.1,773.13
2016-08-22,773.27,772.15,774.54,770.0502
2016-08-23,775.48,772.08,776.44,771.785
2016-08-24,770.58,769.64,774.5,767.07
2016-08-25,767.0,769.41,771.89,763.1846
2016-08-26,769.0,769.54,776.0799,765.85
2016-08-29,768.74,772.15,774.99,766.615
2016-08-30,769.33,769.09,774.466,766.84
2016-08-31,767.01,767.05,769.09,765.38
2016-09-01,769.25,768.78,771.02,764.3
2016-09-02,773.01,771.46,773.9199,768.41
2016-09-06,773.45,780.08,782.0,771.0
2016-09-07,780.0,780.35,782.73,776.2
2016-09-08,778.59,775.32,780.35,773.58
2016-09-09,770.1,759.66,773.245,759.66
2016-09-12,755.13,769.02,770.29,754.0001
2016-09-13,764.48,759.69,766.2195,755.8
2016-09-14,759.61,762.49,767.68,759.11
2016-09-15,762.89,771.76,773.8,759.96
2016-09-16,769.75,768.88,769.75,764.66
2016-09-19,772.42,765.7,774.0,764.4406
2016-09-20,769.0,771.41,773.33,768.53
2016-09-21,772.66,776.22,777.16,768.301
2016-09-22,780.0,787.21,789.85,778.44
2016-09-23,786.59,786.9,788.93,784.15
2016-09-26,782.74,774.21,782.74,773.07
2016-09-27,775.5,783.01,785.9899,774.308
2016-09-28,777.85,781.56,781.81,774.97
2016-09-29,781.44,775.01,785.8,774.232
2016-09-30,776.33,777.29,780.94,774.09
2016-10-03,774.25,772.56,776.065,769.5
2016-10-04,776.03,776.43,778.71,772.89
2016-10-05,779.31,776.47,782.07,775.65
2016-10-06,779.0,776.86,780.48,775.54
2016-10-07,779.66,775.08,779.66,770.75
2016-10-10,777.71,785.94,789.38,775.87
2016-10-11,786.66,783.07,792.28,780.58
2016-10-12,783.76,786.14,788.13,782.06
2016-10-13,781.22,778.19,781.22,773.0
2016-10-14,781.65,778.53,783.95,776.0
2016-10-17,779.8,779.96,785.85,777.5
2016-10-18,787.85,795.26,801.61,785.565
2016-10-19,798.86,801.56,804.63,797.635
2016-10-20,803.3,796.97,803.97,796.03
2016-10-21,795.0,799.37,799.5,794.0
2016-10-24,804.9,813.11,815.18,804.82
2016-10-25,816.68,807.67,816.68,805.14
2016-10-26,806.34,799.07,806.98,796.32
2016-10-27,801.0,795.35,803.49,791.5
2016-10-28,808.35,795.37,815.49,793.59
2016-10-31,795.47,784.54,796.86,784.0
2016-11-01,782.89,783.61,789.49,775.54
2016-11-02,778.2,768.7,781.65,763.4496
2016-11-03,767.25,762.13,769.95,759.03
2016-11-04,750.66,762.02,770.36,750.5611
2016-11-07,774.5,782.52,785.19,772.55
2016-11-08,783.4,790.51,795.633,780.19
2016-11-09,779.94,785.31,791.2265,771.67
2016-11-10,791.17,762.56,791.17,752.18
2016-11-11,756.54,754.02,760.78,750.38
2016-11-14,755.6,736.08,757.85,727.54
2016-11-15,746.97,758.49,764.4162,746.97
2016-11-16,755.2,764.48,766.36,750.51
2016-11-17,766.92,771.23,772.7,764.23
2016-11-18,771.37,760.54,775.0,760.0
2016-11-21,762.61,769.2,769.7,760.6
2016-11-22,772.63,768.27,776.96,767.0
2016-11-23,767.73,760.99,768.2825,755.25
2016-11-25,764.26,761.68,765.0,760.52
2016-11-28,760.0,768.24,779.53,759.8
2016-11-29,771.53,770.84,778.5,768.24
2016-11-30,770.07,758.04,772.99,754.83
2016-12-01,757.44,747.92,759.85,737.0245
2016-12-02,744.59,750.5,754.0,743.1
2016-12-05,757.71,762.52,763.9,752.9
2016-12-06,764.73,759.11,768.83,757.34
2016-12-07,761.0,771.19,771.36,755.8
2016-12-08,772.48,776.42,778.18,767.23
2016-12-09,780.0,789.29,789.43,779.021
2016-12-12,785.04,789.27,791.25,784.3554
2016-12-13,793.9,796.1,804.3799,793.34
2016-12-14,797.4,797.07,804.0,794.01
2016-12-15,797.34,797.85,803.0,792.92
2016-12-16,800.4,790.8,800.8558,790.29
2016-12-19,790.22,794.2,797.66,786.27
2016-12-20,796.76,796.42,798.65,793.27
2016-12-21,795.84,794.56,796.6757,787.1
2016-12-22,792.36,791.26,793.32,788.58
2016-12-23,790.9,789.91,792.74,787.28
2016-12-27,790.68,791.55,797.86,787.657
2016-12-28,793.7,785.05,794.23,783.2
2016-12-29,783.33,782.79,785.93,778.92
2016-12-30,782.75,771.82,782.78,770.41
2017-01-03,778.81,786.14,789.63,775.8
2017-01-04,788.36,786.9,791.34,783.16
2017-01-05,786.08,794.02,794.48,785.02
2017-01-06,795.26,806.15,807.9,792.2041
2017-01-09,806.4,806.65,809.9664,802.83
2017-01-10,807.86,804.79,809.1299,803.51
2017-01-11,805.0,807.91,808.15,801.37
2017-01-12,807.14,806.36,807.39,799.17
2017-01-13,807.48,807.88,811.2244,806.69
2017-01-17,807.08,804.61,807.14,800.37
2017-01-18,805.81,806.07,806.205,800.99
2017-01-19,805.12,802.175,809.48,801.8
2017-01-20,806.91,805.02,806.91,801.69
2017-01-23,807.25,819.31,820.87,803.74
2017-01-24,822.3,823.87,825.9,817.821
2017-01-25,829.62,835.67,835.77,825.06
2017-01-26,837.81,832.15,838.0,827.01
2017-01-27,834.71,823.31,841.95,820.44
2017-01-30,814.66,802.32,815.84,799.8
2017-01-31,796.86,796.79,801.25,790.52
2017-02-01,799.68,795.695,801.19,791.19
2017-02-02,793.8,798.53,802.7,792.0
2017-02-03,802.99,801.49,806.0,800.37
2017-02-06,799.7,801.34,801.67,795.2501
2017-02-07,803.99,806.97,810.5,801.78
2017-02-08,807.0,808.38,811.84,803.1903
2017-02-09,809.51,809.56,810.66,804.54
2017-02-10,811.7,813.67,815.25,809.78
2017-02-13,816.0,819.24,820.959,815.49
2017-02-14,819.0,820.45,823.0,816.0
2017-02-15,819.36,818.98,823.0,818.47
2017-02-16,819.93,824.16,824.4,818.98
2017-02-17,823.02,828.07,828.07,821.655
2017-02-21,828.66,831.66,833.45,828.35
2017-02-22,828.66,830.76,833.25,828.64
2017-02-23,830.12,831.33,832.46,822.88
2017-02-24,827.73,828.64,829.0,824.2
2017-02-27,824.55,829.28,830.5,824.0
2017-02-28,825.61,823.21,828.54,820.2
2017-03-01,828.85,835.24,836.255,827.26
2017-03-02,833.85,830.63,834.51,829.64
2017-03-03,830.56,829.08,831.36,825.751
2017-03-06,826.95,827.78,828.88,822.4
2017-03-07,827.4,831.91,833.41,826.52
2017-03-08,833.51,835.37,838.15,831.79
2017-03-09,836.0,838.68,842.0,834.21
2017-03-10,843.28,843.25,844.91,839.5
2017-03-13,844.0,845.54,848.685,843.25
2017-03-14,843.64,845.62,847.24,840.8
2017-03-15,847.59,847.2,848.63,840.77
2017-03-16,849.03,848.78,850.85,846.13
2017-03-17,851.61,852.12,853.4,847.11
2017-03-20,850.01,848.4,850.22,845.15
2017-03-21,851.4,830.46,853.5,829.02
2017-03-22,831.91,829.59,835.55,827.1801
2017-03-23,821.0,817.58,822.57,812.257
2017-03-24,820.08,814.43,821.93,808.89
2017-03-27,806.95,819.51,821.63,803.37
2017-03-28,820.41,820.92,825.99,814.027
2017-03-29,825.0,831.41,832.765,822.3801
2017-03-30,833.5,831.5,833.68,829.0
2017-03-31,828.97,829.56,831.64,827.39
2017-04-03,829.22,838.55,840.85,829.22
2017-04-04,831.36,834.57,835.18,829.0363
2017-04-05,835.51,831.41,842.45,830.72
2017-04-06,832.4,827.88,836.39,826.46
2017-04-07,827.96,824.67,828.485,820.5127
2017-04-10,825.39,824.73,829.35,823.77
2017-04-11,824.71,823.35,827.4267,817.0201
2017-04-12,821.93,824.32,826.66,821.02
2017-04-13,822.14,823.56,826.38,821.44
2017-04-17,825.01,837.17,837.75,824.47
2017-04-18,834.22,836.82,838.93,832.71
2017-04-19,839.79,838.21,842.22,836.29
2017-04-20,841.44,841.65,845.2,839.32
2017-04-21,842.88,843.19,843.88,840.6
2017-04-24,851.2,862.76,863.45,849.86
2017-04-25,865.0,872.3,875.0,862.81
2017-04-26,874.23,871.73,876.05,867.7481
2017-04-27,873.6,874.25,875.4,870.38
2017-04-28,910.66,905.96,916.85,905.77
2017-05-01,901.94,912.57,915.68,901.45
2017-05-02,909.62,916.44,920.77,909.4526
2017-05-03,914.86,927.04,928.1,912.5426
2017-05-04,926.07,931.66,935.93,924.59
2017-05-05,933.54,927.13,934.9,925.2
2017-05-08,926.12,934.3,936.925,925.26
2017-05-09,936.95,932.17,937.5,929.53
2017-05-10,931.98,928.78,932.0,925.16
2017-05-11,925.32,930.6,932.53,923.0301
2017-05-12,931.53,932.22,933.44,927.85
2017-05-15,932.95,937.08,938.25,929.34
2017-05-16,940.0,943.0,943.11,937.58
2017-05-17,935.67,919.62,939.3325,918.14
2017-05-18,921.0,930.24,933.17,918.75
2017-05-19,931.47,934.01,937.755,931.0
2017-05-22,935.0,941.86,941.8828,935.0
2017-05-23,947.92,948.82,951.4666,942.575
2017-05-24,952.98,954.96,955.09,949.5
2017-05-25,957.33,969.54,972.629,955.47
2017-05-26,969.7,971.47,974.98,965.03
2017-05-30,970.31,975.88,976.2,969.49
2017-05-31,975.02,964.86,979.27,960.18
2017-06-01,968.95,966.95,971.5,960.01
2017-06-02,969.46,975.6,975.88,966.0
2017-06-05,976.55,983.68,986.91,975.1
2017-06-06,983.16,976.57,988.25,975.14
2017-06-07,979.65,981.08,984.15,975.77
2017-06-08,982.35,983.41,984.57,977.2
2017-06-09,984.5,949.83,984.5,935.63
2017-06-12,939.56,942.9,949.355,915.2328
2017-06-13,951.91,953.4,959.98,944.09
2017-06-14,959.92,950.76,961.15,942.25
2017-06-15,933.97,942.31,943.339,924.44
2017-06-16,940.0,939.78,942.04,931.595
2017-06-19,949.96,957.37,959.99,949.05
2017-06-20,957.52,950.63,961.62,950.01
2017-06-21,953.64,959.45,960.1,950.76
2017-06-22,958.7,957.09,960.72,954.55
2017-06-23,956.83,965.59,966.0,954.2
2017-06-26,969.9,952.27,973.31,950.79
2017-06-27,942.46,927.33,948.29,926.85
2017-06-28,929.0,940.49,942.75,916.0
2017-06-29,929.92,917.79,931.26,910.62
2017-06-30,926.05,908.73,926.05,908.31
2017-07-03,912.18,898.7,913.94,894.79
2017-07-05,901.76,911.71,914.51,898.5
2017-07-06,904.12,906.69,914.9444,899.7
2017-07-07,908.85,918.59,921.54,908.85
2017-07-10,921.77,928.8,930.38,919.59
2017-07-11,929.54,930.09,931.43,922.0
2017-07-12,938.68,943.83,946.3,934.47
2017-07-13,946.29,947.16,954.45,943.01
2017-07-14,952.0,955.99,956.91,948.005
2017-07-17,957.0,953.42,960.74,949.2407
2017-07-18,953.0,965.4,968.04,950.6
2017-07-19,967.84,970.89,973.04,964.03
2017-07-20,975.0,968.15,975.9,961.51
2017-07-21,962.25,972.92,973.23,960.15
2017-07-24,972.22,980.34,986.2,970.77
2017-07-25,953.81,950.7,959.7,945.4
2017-07-26,954.68,947.8,955.0,942.2788
2017-07-27,951.78,934.09,951.78,920.0
2017-07-28,929.4,941.53,943.83,927.5
2017-07-31,941.89,930.5,943.59,926.04
2017-08-01,932.38,930.83,937.447,929.26
2017-08-02,928.61,930.39,932.6,916.68
2017-08-03,930.34,923.65,932.24,922.24
2017-08-04,926.75,927.96,930.3068,923.03
2017-08-07,929.06,929.36,931.7,926.5
2017-08-08,927.09,926.79,935.814,925.6095
2017-08-09,920.61,922.9,925.98,917.2501
2017-08-10,917.55,907.24,919.26,906.13
2017-08-11,907.97,914.39,917.78,905.58
2017-08-14,922.53,922.67,924.668,918.19
2017-08-15,924.23,922.22,926.5499,919.82
2017-08-16,925.29,926.96,932.7,923.445
2017-08-17,925.78,910.98,926.86,910.98
2017-08-18,910.31,910.67,915.275,907.1543
2017-08-21,910.0,906.66,913.0,903.4
2017-08-22,912.72,924.69,925.86,911.4751
2017-08-23,921.93,927.0,929.93,919.36
2017-08-24,928.66,921.28,930.84,915.5
2017-08-25,923.49,915.89,925.555,915.5
2017-08-28,916.0,913.81,919.245,911.87
2017-08-29,905.1,921.29,923.33,905.0
2017-08-30,920.05,929.57,930.819,919.65
2017-08-31,931.76,939.33,941.98,931.76
2017-09-01,941.13,937.34,942.48,935.15
2017-09-05,933.08,928.45,937.0,921.96
2017-09-06,930.15,927.81,930.915,919.27
2017-09-07,931.73,935.95,936.41,923.62
2017-09-08,936.49,926.5,936.99,924.88
2017-09-11,934.25,929.08,938.38,926.92
2017-09-12,932.59,932.07,933.48,923.861
2017-09-13,930.66,935.09,937.25,929.86
2017-09-14,931.25,925.11,932.77,924.0
2017-09-15,924.66,920.29,926.49,916.36
2017-09-18,920.01,915.0,922.08,910.6
2017-09-19,917.42,921.81,922.4199,912.55
2017-09-20,922.98,931.58,933.88,922.0
2017-09-21,933.0,932.45,936.53,923.83
2017-09-22,927.75,928.53,934.73,926.48
2017-09-25,925.45,920.97,926.4,909.7
2017-09-26,923.72,924.86,930.82,921.14
2017-09-27,927.74,944.49,949.9,927.74
2017-09-28,941.36,949.5,950.69,940.55
2017-09-29,952.0,959.11,959.7864,951.51
2017-10-02,959.98,953.27,962.54,947.84
2017-10-03,954.0,957.79,958.0,949.14
2017-10-04,957.0,951.68,960.39,950.69
2017-10-05,955.49,969.96,970.91,955.18
2017-10-06,966.7,978.89,979.46,963.36
2017-10-09,980.0,977.0,985.425,976.11
2017-10-10,980.0,972.6,981.57,966.0801
2017-10-11,973.72,989.25,990.71,972.25
2017-10-12,987.45,987.83,994.12,985.0
2017-10-13,992.0,989.68,997.21,989.0
2017-10-16,992.1,992.0,993.9065,984.0
2017-10-17,990.29,992.18,996.44,988.59
2017-10-18,991.77,992.81,996.72,986.9747
2017-10-19,986.0,984.45,988.88,978.39
2017-10-20,989.44,988.2,991.0,984.58
2017-10-23,989.52,968.45,989.52,966.12
2017-10-24,970.0,970.54,972.23,961.0
2017-10-25,968.37,973.33,976.09,960.5201
2017-10-26,980.0,972.56,987.6,972.2
2017-10-27,1009.19,1019.27,1048.39,1008.2
2017-10-30,1014.0,1017.11,1024.97,1007.5
2017-10-31,1015.22,1016.64,1024.0,1010.42
2017-11-01,1017.21,1025.5,1029.67,1016.95
2017-11-02,1021.76,1025.58,1028.09,1013.01
2017-11-03,1022.11,1032.48,1032.65,1020.31
2017-11-06,1028.99,1025.9,1034.87,1025.0
2017-11-07,1027.27,1033.33,1033.97,1025.13
2017-11-08,1030.52,1039.85,1043.52,1028.45
2017-11-09,1033.99,1031.26,1033.99,1019.67
2017-11-10,1026.46,1028.07,1030.76,1025.28
2017-11-13,1023.42,1025.75,1031.58,1022.57
2017-11-14,1022.59,1026.0,1026.81,1014.15
2017-11-15,1019.21,1020.91,1024.09,1015.42
2017-11-16,1022.52,1032.5,1035.92,1022.52
2017-11-17,1034.01,1019.09,1034.42,1017.75
2017-11-20,1020.26,1018.38,1022.61,1017.5
2017-11-21,1023.31,1034.49,1035.11,1022.66
2017-11-22,1035.0,1035.96,1039.71,1031.43
2017-11-24,1035.87,1040.61,1043.18,1035.0
2017-11-27,1040.0,1054.21,1055.46,1038.44
2017-11-28,1055.09,1047.41,1062.38,1040.0
2017-11-29,1042.68,1021.66,1044.08,1015.65
2017-11-30,1022.37,1021.41,1028.49,1015.0
2017-12-01,1015.8,1010.17,1022.49,1002.02
2017-12-04,1012.66,998.68,1016.1,995.57
2017-12-05,995.94,1005.15,1020.61,988.28
2017-12-06,1001.5,1018.38,1024.97,1001.14
2017-12-07,1020.43,1030.93,1034.24,1018.07
2017-12-08,1037.49,1037.05,1042.05,1032.522
2017-12-11,1035.5,1041.1,1043.8,1032.05
2017-12-12,1039.63,1040.48,1050.31,1033.69
2017-12-13,1046.12,1040.61,1046.665,1038.38
2017-12-14,1045.0,1049.15,1058.5,1043.11
2017-12-15,1054.61,1064.19,1067.62,1049.5
2017-12-18,1066.08,1077.14,1078.49,1062.0
2017-12-19,1075.2,1070.68,1076.84,1063.55
2017-12-20,1071.78,1064.95,1073.38,1061.52
2017-12-21,1064.95,1063.63,1069.33,1061.794
2017-12-22,1061.11,1060.12,1064.2,1059.44
2017-12-26,1058.07,1056.74,1060.12,1050.2
2017-12-27,1057.39,1049.37,1058.37,1048.05
2017-12-28,1051.6,1048.14,1054.75,1044.77
2017-12-29,1046.72,1046.4,1049.7,1044.9
2018-01-02,1048.34,1065.0,1066.94,1045.23
2018-01-03,1064.31,1082.48,1086.29,1063.21
2018-01-04,1088.0,1086.4,1093.57,1084.002
2018-01-05,1094.0,1102.23,1104.25,1092.0
2018-01-08,1102.23,1106.94,1111.27,1101.62
2018-01-09,1109.4,1106.26,1110.57,1101.231
2018-01-10,1097.1,1102.61,1104.6,1096.11
2018-01-11,1106.3,1105.52,1106.525,1099.59
2018-01-12,1102.41,1122.26,1124.29,1101.15
2018-01-16,1132.51,1121.76,1139.91,1117.832
2018-01-17,1126.22,1131.98,1132.6,1117.01
2018-01-18,1131.41,1129.79,1132.51,1117.5
2018-01-19,1131.83,1137.51,1137.86,1128.3
2018-01-22,1137.49,1155.81,1159.88,1135.11
2018-01-23,1159.85,1169.97,1171.627,1158.75
2018-01-24,1177.33,1164.24,1179.86,1161.05
2018-01-25,1172.53,1170.37,1175.94,1162.76
2018-01-26,1175.08,1175.84,1175.84,1158.11
2018-01-29,1176.48,1175.58,1186.89,1171.98
2018-01-30,1167.83,1163.69,1176.52,1163.52
2018-01-31,1170.57,1169.94,1173.0,1159.13
2018-02-01,1162.61,1167.7,1174.0,1157.52
2018-02-02,1122.0,1111.9,1123.07,1107.278
2018-02-05,1090.6,1055.8,1110.0,1052.03
2018-02-06,1027.18,1080.6,1081.71,1023.137
2018-02-07,1081.54,1048.58,1081.78,1048.26
2018-02-08,1055.41,1001.52,1058.62,1000.66
2018-02-09,1017.25,1037.78,1043.97,992.56
2018-02-12,1048.0,1051.94,1061.5,1040.928
2018-02-13,1045.0,1052.1,1058.37,1044.087
2018-02-14,1048.95,1069.7,1071.72,1046.75
2018-02-15,1079.07,1089.52,1091.479,1064.34
2018-02-16,1088.41,1094.8,1104.67,1088.313
2018-02-20,1090.57,1102.46,1113.95,1088.52
2018-02-21,1106.47,1111.34,1133.97,1106.33
2018-02-22,1116.19,1106.63,1122.82,1102.59
2018-02-23,1112.64,1126.79,1127.28,1104.714
2018-02-26,1127.8,1143.75,1143.96,1126.695
2018-02-27,1141.24,1118.29,1144.04,1118.0
2018-02-28,1123.03,1104.73,1127.53,1103.24
2018-03-01,1107.87,1069.52,1110.12,1067.001
2018-03-02,1053.08,1078.92,1081.999,1048.115
2018-03-05,1075.14,1090.93,1097.1,1069.0
2018-03-06,1099.22,1095.06,1101.85,1089.775
2018-03-07,1089.19,1109.64,1112.22,1085.482
2018-03-08,1115.32,1126.0,1127.6,1112.8
2018-03-09,1136.0,1160.04,1160.8,1132.461
2018-03-12,1163.85,1164.5,1177.05,1157.42
2018-03-13,1170.0,1138.17,1176.76,1133.33
2018-03-14,1145.21,1149.49,1158.59,1141.44
2018-03-15,1149.96,1149.58,1161.08,1134.54
2018-03-16,1154.14,1135.73,1155.88,1131.96
2018-03-19,1120.01,1099.82,1121.99,1089.01
2018-03-20,1099.0,1097.71,1105.2,1083.46
2018-03-21,1092.74,1090.88,1106.3,1085.15
2018-03-22,1081.88,1049.08,1082.9,1045.91
2018-03-23,1047.03,1021.57,1063.36,1021.22
2018-03-26,1046.0,1053.21,1055.63,1008.4
2018-03-27,1063.0,1005.1,1064.839,996.92
2018-03-28,998.0,1004.56,1024.23,980.64
2018-03-29,1011.63,1031.79,1043.0,1002.9
2018-04-02,1022.82,1006.47,1034.8,990.37
2018-04-03,1013.91,1013.41,1020.99,994.07
2018-04-04,993.41,1025.14,1028.718,993.0
2018-04-05,1041.33,1027.81,1042.79,1020.131
2018-04-06,1020.0,1007.04,1031.42,1003.03
2018-04-09,1016.8,1015.45,1039.6,1014.08
2018-04-10,1026.44,1031.64,1036.28,1011.34
2018-04-11,1027.99,1019.97,1031.364,1015.87
2018-04-12,1025.04,1032.51,1040.69,1021.435
2018-04-13,1040.88,1029.27,1046.42,1022.98
2018-04-16,1037.0,1037.98,1043.24,1026.74
2018-04-17,1051.37,1074.16,1077.88,1048.26
2018-04-18,1077.43,1072.08,1077.43,1066.225
2018-04-19,1069.4,1087.7,1094.165,1068.18
2018-04-20,1082.0,1072.96,1092.35,1069.57
2018-04-23,1077.86,1067.45,1082.72,1060.7
2018-04-24,1052.0,1019.98,1057.0,1010.59
2018-04-25,1025.52,1021.18,1032.49,1015.31
2018-04-26,1029.51,1040.04,1047.98,1018.19
2018-04-27,1046.0,1030.05,1049.5,1025.59
2018-04-30,1030.01,1017.33,1037.0,1016.85
2018-05-01,1013.66,1037.31,1038.47,1008.21
2018-05-02,1028.1,1024.38,1040.389,1022.87
2018-05-03,1019.0,1023.72,1029.675,1006.29
2018-05-04,1016.9,1048.21,1048.51,1016.9
2018-05-07,1049.23,1054.79,1061.68,1047.1
2018-05-08,1058.54,1053.91,1060.55,1047.145
2018-05-09,1058.1,1082.76,1085.44,1056.365
2018-05-10,1086.03,1097.57,1100.44,1085.64
2018-05-11,1093.6,1098.26,1101.33,1090.91
2018-05-14,1100.0,1100.2,1110.75,1099.11
2018-05-15,1090.0,1079.23,1090.05,1073.47
2018-05-16,1077.31,1081.77,1089.27,1076.26
2018-05-17,1079.89,1078.59,1086.87,1073.5
2018-05-18,1061.86,1066.36,1069.94,1060.68
2018-05-21,1074.06,1079.58,1088.0,1073.65
2018-05-22,1083.56,1069.73,1086.59,1066.69
2018-05-23,1065.13,1079.69,1080.78,1061.71
2018-05-24,1079.0,1079.24,1080.47,1066.15
2018-05-25,1079.02,1075.66,1082.56,1073.775
2018-05-29,1064.89,1060.32,1073.37,1055.22
2018-05-30,1063.03,1067.8,1069.21,1056.83
2018-05-31,1067.56,1084.99,1097.19,1067.56
2018-06-01,1099.35,1119.5,1120.0,1098.5
2018-06-04,1122.33,1139.29,1141.89,1122.005
2018-06-05,1140.99,1139.66,1145.738,1133.19
2018-06-06,1142.17,1136.88,1143.0,1125.743
2018-06-07,1131.32,1123.86,1135.82,1116.52
2018-06-08,1118.18,1120.87,1126.67,1112.15
2018-06-11,1118.6,1129.99,1137.26,1118.6
2018-06-12,1131.07,1139.32,1139.79,1130.735
2018-06-13,1141.12,1134.79,1146.5,1133.38
2018-06-14,1143.85,1152.12,1155.47,1140.64
2018-06-15,1148.86,1152.26,1153.42,1143.485
2018-06-18,1143.65,1173.46,1174.31,1143.59
2018-06-19,1158.5,1168.06,1171.27,1154.01
2018-06-20,1175.31,1169.84,1186.286,1169.16
2018-06-21,1174.85,1157.66,1177.295,1152.232
2018-06-22,1159.14,1155.48,1162.497,1147.26
2018-06-25,1143.6,1124.81,1143.91,1112.78
2018-06-26,1128.0,1118.46,1133.21,1116.659
2018-06-27,1121.34,1103.98,1131.836,1103.62
2018-06-28,1102.09,1114.22,1122.31,1096.01
2018-06-29,1120.0,1115.65,1128.227,1115.0
2018-07-02,1099.0,1127.46,1128.0,1093.8
2018-07-03,1135.82,1102.89,1135.82,1100.02
2018-07-05,1110.53,1124.27,1127.5,1108.48
2018-07-06,1123.58,1140.17,1140.93,1120.737
2018-07-09,1148.48,1154.05,1154.67,1143.42
2018-07-10,1156.98,1152.84,1159.59,1149.59
2018-07-11,1144.59,1153.9,1164.29,1141.0
2018-07-12,1159.89,1183.48,1184.41,1155.935
2018-07-13,1185.0,1188.82,1195.417,1180.0
2018-07-16,1189.39,1183.86,1191.0,1179.28
2018-07-17,1172.22,1198.8,1203.04,1170.6
2018-07-18,1196.56,1195.88,1204.5,1190.34
2018-07-19,1191.0,1186.96,1200.0,1183.32
2018-07-20,1186.96,1184.91,1196.86,1184.22
2018-07-23,1181.01,1205.5,1206.49,1181.0
2018-07-24,1262.59,1248.08,1266.0,1235.56
2018-07-25,1239.13,1263.7,1265.86,1239.13
2018-07-26,1251.0,1268.33,1269.771,1249.02
2018-07-27,1271.0,1238.5,1273.89,1231.0
2018-07-30,1228.01,1219.74,1234.916,1211.47
2018-07-31,1220.01,1217.26,1227.588,1205.6
2018-08-01,1228.0,1220.01,1233.47,1210.21
2018-08-02,1205.9,1226.15,1229.88,1204.79
2018-08-03,1229.62,1223.71,1230.0,1215.06
2018-08-06,1225.0,1224.77,1226.088,1215.797
2018-08-07,1237.0,1242.22,1251.17,1236.17
2018-08-08,1240.47,1245.61,1256.5,1238.008
2018-08-09,1249.9,1249.1,1255.542,1246.01
2018-08-10,1243.0,1237.61,1245.695,1232.0
2018-08-13,1236.98,1235.01,1249.273,1233.641
2018-08-14,1235.19,1242.1,1245.87,1225.11
2018-08-15,1229.26,1214.38,1235.24,1209.51
2018-08-16,1224.73,1206.49,1226.0,1202.55
2018-08-17,1202.03,1200.96,1209.02,1188.24
2018-08-20,1205.02,1207.77,1211.0,1194.626
2018-08-21,1208.0,1201.62,1217.26,1200.354
2018-08-22,1200.0,1207.33,1211.84,1199.0
2018-08-23,1207.14,1205.38,1221.28,1204.24
2018-08-24,1208.82,1220.65,1221.65,1206.359
2018-08-27,1227.6,1241.82,1243.09,1225.716
2018-08-28,1241.29,1231.15,1242.545,1228.69
2018-08-29,1237.45,1249.3,1250.66,1236.359
2018-08-30,1244.23,1239.12,1253.635,1232.59
2018-08-31,1234.98,1218.19,1238.66,1211.285
2018-09-04,1204.27,1197.0,1212.99,1192.5
2018-09-05,1193.8,1186.48,1199.01,1162.0
2018-09-06,1186.3,1171.44,1186.3,1152.0
2018-09-07,1158.67,1164.83,1175.26,1157.215
2018-09-10,1172.19,1164.64,1174.54,1160.11
2018-09-11,1161.63,1177.36,1178.68,1156.24
2018-09-12,1172.72,1162.82,1178.61,1158.36
2018-09-13,1170.74,1175.33,1178.61,1162.85
2018-09-14,1179.1,1172.53,1180.425,1168.33
2018-09-17,1170.14,1156.05,1177.24,1154.03
2018-09-18,1157.09,1161.22,1176.08,1157.09
2018-09-19,1164.98,1171.09,1173.21,1154.58
2018-09-20,1179.99,1186.87,1189.89,1173.36
2018-09-21,1192.0,1166.09,1192.21,1166.04
2018-09-24,1157.17,1173.37,1178.0,1146.91
2018-09-25,1176.15,1184.65,1186.88,1168.0
2018-09-26,1185.15,1180.49,1194.23,1174.765
2018-09-27,1186.73,1194.64,1202.1,1183.63
2018-09-28,1191.87,1193.47,1195.41,1184.5
2018-10-01,1199.89,1195.31,1209.9,1190.3
2018-10-02,1190.96,1200.11,1209.96,1186.63
2018-10-03,1205.0,1202.95,1206.41,1193.83
2018-10-04,1195.33,1168.19,1197.51,1155.576
2018-10-05,1167.5,1157.35,1173.5,1145.12
2018-10-08,1150.11,1148.97,1168.0,1127.364
2018-10-09,1146.15,1138.82,1154.35,1137.572
2018-10-10,1131.08,1081.22,1132.17,1081.13
2018-10-11,1072.94,1079.32,1106.4,1068.27
2018-10-12,1108.0,1110.08,1115.0,1086.402
2018-10-15,1108.91,1092.25,1113.446,1089.0
2018-10-16,1104.59,1121.28,1124.22,1102.5
2018-10-17,1126.46,1115.69,1128.99,1102.19
2018-10-18,1121.84,1087.97,1121.84,1077.09
2018-10-19,1093.37,1096.46,1110.36,1087.75
2018-10-22,1103.06,1101.16,1112.23,1091.0
2018-10-23,1080.89,1103.69,1107.89,1070.0
2018-10-24,1104.25,1050.71,1106.12,1048.74
2018-10-25,1071.79,1095.57,1110.98,1069.55
2018-10-26,1037.03,1071.47,1106.53,1034.09
2018-10-29,1082.47,1020.08,1097.04,995.83
2018-10-30,1008.46,1036.21,1037.49,1000.75
2018-10-31,1059.81,1076.77,1091.94,1057.0
2018-11-01,1075.8,1070.0,1083.975,1062.46
2018-11-02,1073.73,1057.79,1082.975,1054.61
2018-11-05,1055.0,1040.09,1058.47,1021.24
2018-11-06,1039.48,1055.81,1064.345,1038.07
2018-11-07,1069.0,1093.39,1095.46,1065.9
2018-11-08,1091.38,1082.4,1093.27,1072.205
2018-11-09,1073.99,1066.15,1075.56,1053.11
2018-11-12,1061.39,1038.63,1062.12,1031.0
2018-11-13,1043.29,1036.05,1056.605,1031.15
2018-11-14,1050.0,1043.66,1054.564,1031.0
2018-11-15,1044.71,1064.71,1071.85,1031.78
2018-11-16,1059.41,1061.49,1067.0,1048.98
2018-11-19,1057.2,1020.0,1060.79,1016.26
2018-11-20,1000.0,1025.76,1031.74,996.02
2018-11-21,1036.76,1037.61,1048.56,1033.47
2018-11-23,1030.0,1023.88,1037.59,1022.4
2018-11-26,1038.35,1048.62,1049.31,1033.91
2018-11-27,1041.0,1044.41,1057.58,1038.49
2018-11-28,1048.76,1086.23,1086.84,1035.76
2018-11-29,1076.08,1088.3,1094.245,1076.0
2018-11-30,1089.07,1094.43,1095.57,1077.88
2018-12-03,1123.14,1106.43,1124.65,1103.665
2018-12-04,1103.12,1050.82,1104.42,1049.98
2018-12-06,1034.26,1068.73,1071.2,1030.77
2018-12-07,1060.01,1036.58,1075.26,1028.5
2018-12-10,1035.05,1039.55,1048.45,1023.29
2018-12-11,1056.49,1051.75,1060.6,1039.84
2018-12-12,1068.0,1063.68,1081.65,1062.79
2018-12-13,1068.07,1061.9,1079.76,1053.93
2018-12-14,1049.98,1042.1,1062.6,1040.79
2018-12-17,1037.51,1016.53,1053.15,1007.9
2018-12-18,1026.09,1028.71,1049.48,1021.44
2018-12-19,1033.99,1023.01,1062.0,1008.05
2018-12-20,1018.13,1009.41,1034.22,996.36
2018-12-21,1015.3,979.54,1024.02,973.69
2018-12-24,973.9,976.22,1003.54,970.11
2018-12-26,989.01,1039.46,1040.0,983.0
2018-12-27,1017.15,1043.88,1043.89,997.0
2018-12-28,1049.62,1037.08,1055.56,1033.1
2018-12-31,1050.96,1035.61,1052.7,1023.59
2019-01-02,1016.57,1045.85,1052.32,1015.71
2019-01-03,1041.0,1016.06,1056.98,1014.07
2019-01-04,1032.59,1070.71,1070.84,1027.418
2019-01-07,1071.5,1068.39,1074.0,1054.76
2019-01-08,1076.11,1076.28,1084.56,1060.53
2019-01-09,1081.65,1074.66,1082.63,1066.4
2019-01-10,1067.66,1070.33,1071.15,1057.71
2019-01-11,1063.18,1057.19,1063.775,1048.48
2019-01-14,1046.92,1044.69,1051.53,1041.255
2019-01-15,1050.17,1077.15,1080.05,1047.34
2019-01-16,1080.0,1080.97,1092.375,1079.34
2019-01-17,1079.47,1089.9,1091.8,1073.5
2019-01-18,1100.0,1098.26,1108.352,1090.9
2019-01-22,1088.0,1070.52,1091.51,1063.47
2019-01-23,1077.35,1075.57,1084.93,1059.75
2019-01-24,1076.48,1073.9,1079.475,1060.7
2019-01-25,1085.0,1090.99,1094.0,1081.82
2019-01-28,1080.11,1070.08,1083.0,1063.8
2019-01-29,1072.68,1060.62,1075.15,1055.865
2019-01-30,1068.43,1089.06,1091.0,1066.85
2019-01-31,1103.0,1116.37,1117.33,1095.41
2019-02-01,1112.4,1110.75,1125.0,1104.89
2019-02-04,1112.66,1132.8,1132.8,1109.02
2019-02-05,1124.84,1145.99,1146.85,1117.248
2019-02-06,1139.57,1115.23,1147.0,1112.77
2019-02-07,1104.16,1098.71,1104.84,1086.0
2019-02-08,1087.0,1095.06,1098.91,1086.55
2019-02-11,1096.95,1095.01,1105.945,1092.86
2019-02-12,1106.8,1121.37,1125.295,1105.85
2019-02-13,1124.99,1120.16,1134.73,1118.5
2019-02-14,1118.05,1121.67,1128.23,1110.445
2019-02-15,1130.08,1113.65,1131.67,1110.65
2019-02-19,1110.0,1118.56,1121.89,1110.0
2019-02-20,1119.99,1113.8,1123.41,1105.28
2019-02-21,1110.84,1096.97,1111.94,1092.52
2019-02-22,1100.9,1110.37,1111.24,1095.6
2019-02-25,1116.0,1109.4,1118.54,1107.27
2019-02-26,1105.75,1115.13,1119.51,1099.92
2019-02-27,1106.95,1116.05,1117.98,1101.0
2019-02-28,1111.3,1119.92,1127.65,1111.01
2019-03-01,1124.9,1140.99,1142.97,1124.75
2019-03-04,1146.99,1147.8,1158.28,1130.69
2019-03-05,1150.06,1162.03,1169.61,1146.195
2019-03-06,1162.49,1157.86,1167.566,1155.49
2019-03-07,1155.72,1143.3,1156.755,1134.91
2019-03-08,1126.73,1142.32,1147.08,1123.3
2019-03-11,1144.45,1175.76,1176.19,1144.45
2019-03-12,1178.26,1193.2,1200.0,1178.26
2019-03-13,1200.645,1193.32,1200.93,1191.94
2019-03-14,1194.51,1185.55,1197.88,1184.48
2019-03-15,1193.38,1184.46,1196.57,1182.61
2019-03-18,1183.3,1184.26,1190.0,1177.421
2019-03-19,1188.81,1198.85,1200.0,1185.87
2019-03-20,1197.35,1223.97,1227.14,1196.17
2019-03-21,1216.0,1231.54,1231.79,1213.15
2019-03-22,1226.32,1205.5,1230.0,1202.825
2019-03-25,1196.93,1193.0,1206.398,1187.04
2019-03-26,1198.53,1184.62,1202.83,1176.72
2019-03-27,1185.5,1173.02,1187.559,1159.37
2019-03-28,1171.54,1168.49,1171.565,1159.431
2019-03-29,1174.9,1173.31,1178.99,1162.88
2019-04-01,1184.1,1194.43,1196.66,1182.0
2019-04-02,1195.32,1200.49,1201.35,1185.71
2019-04-03,1207.48,1205.92,1216.3,1200.5
2019-04-04,1205.94,1215.0,1215.67,1204.13
2019-04-05,1214.99,1207.15,1216.22,1205.03
2019-04-08,1207.89,1203.84,1208.69,1199.86
2019-04-09,1196.0,1197.25,1202.29,1193.08
2019-04-10,1200.68,1202.16,1203.785,1196.435
2019-04-11,1203.96,1204.62,1207.96,1200.13
2019-04-12,1210.0,1217.87,1218.35,1208.11
2019-04-15,1218.0,1221.1,1224.2,1209.11
2019-04-16,1225.0,1227.13,1230.82,1220.12
2019-04-17,1233.0,1236.34,1240.56,1227.82
2019-04-18,1239.18,1236.37,1242.0,1234.61
2019-04-22,1235.99,1248.84,1249.09,1228.31
2019-04-23,1250.69,1264.55,1269.0,1246.38
2019-04-24,1264.12,1256.0,1268.01,1255.0
2019-04-25,1264.77,1263.45,1267.408,1252.03
2019-04-26,1269.0,1272.18,1273.07,1260.32
2019-04-29,1274.0,1287.58,1289.27,1266.295
2019-04-30,1185.0,1188.48,1192.81,1175.0
2019-05-01,1188.05,1168.08,1188.05,1167.18
2019-05-02,1167.76,1162.61,1174.19,1155.002
2019-05-03,1173.65,1185.4,1186.8,1169.0
2019-05-06,1166.26,1189.39,1190.85,1166.26
2019-05-07,1180.47,1174.1,1190.44,1161.04
2019-05-08,1172.01,1166.27,1180.424,1165.74
2019-05-09,1159.03,1162.38,1169.66,1150.85
2019-05-10,1163.59,1164.27,1172.6,1142.5
2019-05-13,1141.96,1132.03,1147.94,1122.11
2019-05-14,1137.21,1120.44,1140.42,1119.55
2019-05-15,1117.87,1164.21,1171.33,1116.666
2019-05-16,1164.51,1178.98,1188.16,1162.84
2019-05-17,1168.47,1162.3,1180.15,1160.01
2019-05-20,1144.5,1138.85,1146.797,1131.443
2019-05-21,1148.49,1149.63,1152.708,1137.94
2019-05-22,1146.75,1151.42,1158.52,1145.89
2019-05-23,1140.5,1140.77,1145.973,1129.224
2019-05-24,1147.36,1133.47,1149.765,1131.66
2019-05-28,1134.0,1134.15,1151.587,1133.12
2019-05-29,1127.52,1116.46,1129.1,1108.22
2019-05-30,1115.54,1117.95,1123.13,1112.12
2019-05-31,1101.29,1103.63,1109.6,1100.18
2019-06-03,1065.5,1036.23,1065.5,1025.0
2019-06-04,1042.9,1053.05,1056.05,1033.69
2019-06-05,1051.54,1042.22,1053.55,1030.49
2019-06-06,1044.99,1044.34,1047.49,1033.7
2019-06-07,1050.63,1066.04,1070.92,1048.4
2019-06-10,1072.98,1080.38,1092.66,1072.322
2019-06-11,1093.98,1078.72,1101.99,1077.603
2019-06-12,1078.0,1077.03,1080.93,1067.54
2019-06-13,1083.64,1088.77,1094.17,1080.15
2019-06-14,1086.42,1085.35,1092.69,1080.172
2019-06-17,1086.28,1092.5,1099.18,1086.28
2019-06-18,1109.69,1103.6,1116.39,1098.99
2019-06-19,1105.6,1102.33,1107.0,1093.48
2019-06-20,1119.99,1111.42,1120.12,1104.74
2019-06-21,1109.24,1121.88,1124.11,1108.08
2019-06-24,1119.61,1115.52,1122.0,1111.01
2019-06-25,1112.66,1086.35,1114.35,1083.8
2019-06-26,1086.5,1079.8,1092.97,1072.24
2019-06-27,1084.0,1076.01,1087.1,1075.29
2019-06-28,1076.39,1080.91,1081.0,1073.37
2019-07-01,1098.0,1097.95,1107.58,1093.703
2019-07-02,1102.24,1111.25,1111.77,1098.17
2019-07-03,1117.41,1121.58,1126.76,1113.86
2019-07-05,1117.8,1131.59,1132.88,1116.14
2019-07-08,1125.17,1116.35,1125.98,1111.21
2019-07-09,1111.8,1124.83,1128.025,1107.17
2019-07-10,1131.22,1140.48,1142.05,1130.97
2019-07-11,1143.25,1144.21,1153.07,1139.58
2019-07-12,1143.99,1144.9,1147.34,1138.78
2019-07-15,1146.86,1150.34,1150.82,1139.4
2019-07-16,1146.0,1153.58,1158.58,1145.0
2019-07-17,1150.97,1146.35,1158.36,1145.77
2019-07-18,1141.74,1146.33,1147.605,1132.73
2019-07-19,1148.19,1130.1,1151.14,1129.62
2019-07-22,1133.45,1138.07,1139.25,1124.24
2019-07-23,1144.0,1146.21,1146.9,1131.8
2019-07-24,1131.9,1137.81,1144.0,1126.99
2019-07-25,1137.82,1132.12,1141.7,1120.92
2019-07-26,1224.04,1250.41,1265.55,1224.0
2019-07-29,1241.05,1239.41,1247.37,1228.23
2019-07-30,1225.41,1225.14,1234.87,1223.3
2019-07-31,1223.0,1216.68,1234.0,1207.764
2019-08-01,1214.03,1209.01,1234.11,1205.72
2019-08-02,1200.74,1193.99,1206.9,1188.94
2019-08-05,1170.04,1152.32,1175.24,1140.14
2019-08-06,1163.31,1169.95,1179.96,1160.0
2019-08-07,1156.0,1173.99,1178.445,1149.624
2019-08-08,1182.83,1204.8,1205.01,1173.02
2019-08-09,1197.99,1188.01,1203.88,1183.603
2019-08-12,1179.21,1174.71,1184.96,1167.672
2019-08-13,1171.46,1197.27,1204.78,1171.46
2019-08-14,1176.31,1164.29,1182.3,1160.54
2019-08-15,1163.5,1167.26,1175.84,1162.11
2019-08-16,1179.55,1177.6,1182.72,1171.81
2019-08-19,1190.09,1198.45,1206.99,1190.09
2019-08-20,1195.25,1182.69,1196.06,1182.11
2019-08-21,1193.15,1191.25,1199.0,1187.43
2019-08-22,1194.07,1189.53,1198.012,1178.58
2019-08-23,1181.99,1151.29,1194.08,1147.75
2019-08-26,1157.26,1168.89,1169.47,1152.96
2019-08-27,1180.53,1167.84,1182.4,1161.45
2019-08-28,1161.71,1171.02,1176.42,1157.3
2019-08-29,1181.12,1192.85,1196.06,1181.12
2019-08-30,1198.5,1188.1,1198.5,1183.803
2019-09-03,1177.03,1168.39,1186.89,1163.2
2019-09-04,1176.71,1181.41,1183.48,1171.0
2019-09-05,1191.53,1211.38,1213.04,1191.53
2019-09-06,1208.13,1204.93,1212.015,1202.522
2019-09-09,1204.0,1204.41,1220.0,1192.62
2019-09-10,1195.15,1206.0,1210.0,1194.58
2019-09-11,1203.41,1220.17,1222.6,1202.2
2019-09-12,1224.3,1234.25,1241.86,1223.02
2019-09-13,1231.35,1239.56,1240.88,1227.01
2019-09-16,1229.52,1231.3,1239.56,1225.61
2019-09-17,1230.4,1229.15,1235.0,1223.69
2019-09-18,1227.51,1232.41,1235.61,1216.53
2019-09-19,1232.06,1238.71,1244.44,1232.02
2019-09-20,1233.12,1229.93,1243.32,1223.08
2019-09-23,1226.0,1234.03,1239.09,1224.17
2019-09-24,1240.0,1218.76,1246.74,1210.68
2019-09-25,1215.82,1246.52,1248.3,1210.09
2019-09-26,1241.96,1241.39,1245.0,1232.268
2019-09-27,1243.01,1225.09,1244.02,1214.45
2019-09-30,1220.97,1219.0,1226.0,1212.3
2019-10-01,1219.0,1205.1,1231.23,1203.58
2019-10-02,1196.98,1176.63,1196.98,1171.29
2019-10-03,1180.0,1187.83,1189.06,1162.43
2019-10-04,1191.89,1209.0,1211.44,1189.17
2019-10-07,1204.4,1207.68,1218.204,1203.75
2019-10-08,1197.59,1189.13,1206.08,1189.01
2019-10-09,1199.35,1202.31,1208.35,1197.63
2019-10-10,1198.58,1208.67,1215.0,1197.34
2019-10-11,1222.21,1215.45,1228.39,1213.74
2019-10-14,1212.34,1217.14,1226.33,1211.76
2019-10-15,1220.4,1243.01,1247.33,1220.4
2019-10-16,1241.17,1243.64,1254.74,1238.45
2019-10-17,1250.93,1253.07,1263.325,1249.94
2019-10-18,1253.46,1245.49,1258.89,1241.08
2019-10-21,1252.26,1246.15,1254.629,1240.6
2019-10-22,1247.85,1242.8,1250.6,1241.38
2019-10-23,1242.36,1259.13,1259.89,1242.36
2019-10-24,1260.9,1260.99,1264.0,1253.715
2019-10-25,1251.03,1265.13,1269.6,1250.01
2019-10-28,1275.45,1290.0,1299.31,1272.54
2019-10-29,1276.23,1262.62,1281.59,1257.212
2019-10-30,1252.97,1261.29,1269.36,1252.0
2019-10-31,1261.28,1260.11,1267.67,1250.843
2019-11-01,1265.0,1273.74,1274.62,1260.5
2019-11-04,1276.45,1291.37,1294.13,1276.355
2019-11-05,1292.89,1292.03,1298.93,1291.229
2019-11-06,1289.46,1291.8,1293.73,1282.5
2019-11-07,1294.28,1308.86,1323.74,1294.245
2019-11-08,1305.28,1311.37,1318.0,1304.365
2019-11-11,1303.18,1299.19,1306.425,1297.41
2019-11-12,1300.0,1298.8,1310.0,1295.77
2019-11-13,1294.07,1298.0,1304.3,1293.51
2019-11-14,1297.5,1311.46,1317.0,1295.65
2019-11-15,1318.94,1334.87,1334.88,1314.28
2019-11-18,1332.22,1320.7,1335.529,1317.5
2019-11-19,1327.7,1315.46,1327.7,1312.8
2019-11-20,1311.74,1303.05,1315.0,1291.15
2019-11-21,1301.48,1301.35,1312.59,1293.0
2019-11-22,1305.62,1295.34,1308.73,1291.41
2019-11-25,1299.18,1306.69,1311.31,1298.13
2019-11-26,1309.86,1313.55,1314.8,1305.09
2019-11-27,1315.0,1312.99,1318.36,1309.63
2019-11-29,1307.12,1304.96,1310.205,1303.97
2019-12-02,1301.0,1289.92,1305.83,1281.0
2019-12-03,1279.57,1295.28,1298.461,1279.0
2019-12-04,1307.01,1320.54,1325.8,1304.87
2019-12-05,1328.0,1328.13,1329.358,1316.44
2019-12-06,1333.44,1340.62,1344.0,1333.44
2019-12-09,1338.04,1343.56,1359.45,1337.84
2019-12-10,1341.5,1344.66,1349.975,1336.04
2019-12-11,1350.84,1345.02,1351.2,1342.67
2019-12-12,1345.94,1350.27,1355.775,1340.5
2019-12-13,1347.95,1347.83,1353.093,1343.87
2019-12-16,1356.5,1361.17,1364.68,1352.67
2019-12-17,1362.89,1355.12,1365.0,1351.323
2019-12-18,1356.6,1352.62,1360.47,1351.0
2019-12-19,1351.82,1356.04,1358.1,1348.985
2019-12-20,1363.35,1349.59,1363.64,1349.0
2019-12-23,1355.87,1348.84,1359.8,1346.51
2019-12-24,1348.5,1343.56,1350.26,1342.78
2019-12-26,1346.17,1360.4,1361.327,1344.47
2019-12-27,1362.99,1351.89,1364.53,1349.31
2019-12-30,1350.0,1336.14,1353.0,1334.02
2019-12-31,1330.11,1337.02,1338.0,1329.085
2020-01-02,1341.55,1367.37,1368.14,1341.55
2020-01-03,1347.86,1360.66,1372.5,1345.544
2020-01-06,1350.0,1394.21,1396.5,1350.0
2020-01-07,1397.94,1393.34,1402.99,1390.38
2020-01-08,1392.08,1404.32,1411.58,1390.84
2020-01-09,1420.57,1419.83,1427.33,1410.27
2020-01-10,1427.56,1429.73,1434.929,1418.35
2020-01-13,1436.13,1439.23,1440.52,1426.02
2020-01-14,1439.01,1430.88,1441.8,1428.37
2020-01-15,1430.21,1439.2,1441.395,1430.21
2020-01-16,1447.44,1451.7,1451.99,1440.92
2020-01-17,1462.91,1480.39,1481.295,1458.22
2020-01-21,1479.12,1484.4,1491.85,1471.2
2020-01-22,1491.0,1485.95,1503.214,1484.93
2020-01-23,1487.64,1486.65,1495.52,1482.1
2020-01-24,1493.59,1466.71,1495.495,1465.25
2020-01-27,1431.0,1433.9,1438.07,1421.2
2020-01-28,1443.0,1452.56,1456.0,1432.47
2020-01-29,1458.8,1458.63,1465.43,1446.74
2020-01-30,1439.96,1455.84,1457.28,1436.4
2020-01-31,1468.9,1434.23,1470.13,1428.53
2020-02-03,1462.0,1485.94,1490.0,1458.99
2020-02-04,1457.07,1447.07,1469.5,1426.3
2020-02-05,1462.42,1448.23,1463.84,1430.56
2020-02-06,1450.33,1476.23,1482.0,1449.57
2020-02-07,1467.3,1479.23,1485.84,1466.35
2020-02-10,1474.32,1508.68,1509.5,1474.32
2020-02-11,1511.81,1508.79,1529.63,1505.638
2020-02-12,1514.48,1518.27,1520.695,1508.11
2020-02-13,1512.69,1514.66,1527.18,1504.6
2020-02-14,1515.6,1520.74,1520.74,1507.34
2020-02-18,1515.0,1519.67,1531.63,1512.59
2020-02-19,1525.07,1526.69,1532.106,1521.4
2020-02-20,1522.0,1518.15,1529.64,1506.82
2020-02-21,1508.03,1485.11,1512.215,1480.44
2020-02-24,1426.11,1421.59,1436.97,1411.39
2020-02-25,1433.0,1388.45,1438.14,1382.4
2020-02-26,1396.14,1393.18,1415.7,1379.0
2020-02-27,1362.06,1318.09,1371.704,1317.17
2020-02-28,1277.5,1339.33,1341.14,1271.0
2020-03-02,1351.61,1389.11,1390.87,1326.815
2020-03-03,1399.42,1341.39,1410.15,1332.0
2020-03-04,1359.23,1386.52,1388.09,1343.11
2020-03-05,1350.2,1319.04,1358.91,1305.1
2020-03-06,1277.06,1298.41,1306.22,1261.05
2020-03-09,1205.3,1215.56,1254.76,1200.0
2020-03-10,1260.0,1280.39,1281.15,1218.77
2020-03-11,1249.7,1215.41,1260.96,1196.07
2020-03-12,1126.0,1114.91,1193.87,1113.3
2020-03-13,1179.0,1219.73,1219.76,1117.143
2020-03-16,1096.0,1084.33,1152.267,1074.44
2020-03-17,1093.11,1119.8,1130.86,1056.01
2020-03-18,1056.51,1096.8,1106.5,1037.28
2020-03-19,1093.05,1115.29,1157.97,1060.108
2020-03-20,1135.72,1072.32,1143.99,1065.49
2020-03-23,1061.32,1056.62,1071.32,1013.536
2020-03-24,1103.77,1134.46,1135.0,1090.62
2020-03-25,1126.47,1102.49,1148.9,1086.01
2020-03-26,1111.8,1161.75,1169.97,1093.53
2020-03-27,1125.67,1110.71,1150.67,1105.91
2020-03-30,1125.04,1146.82,1151.63,1096.48
2020-03-31,1147.3,1162.81,1175.31,1138.14
2020-04-01,1122.0,1105.62,1129.69,1097.45
2020-04-02,1098.26,1120.84,1126.86,1096.4
2020-04-03,1119.015,1097.88,1123.54,1079.81
2020-04-06,1138.0,1186.92,1194.66,1130.94
2020-04-07,1221.0,1186.51,1225.0,1182.23
2020-04-08,1206.5,1210.28,1219.07,1188.16
2020-04-09,1224.08,1211.45,1225.57,1196.735
2020-04-13,1209.18,1217.56,1220.51,1187.598
2020-04-14,1245.09,1269.23,1282.07,1236.93
2020-04-15,1245.61,1262.47,1280.46,1240.4
2020-04-16,1274.1,1263.47,1279.0,1242.62
2020-04-17,1284.85,1283.25,1294.43,1271.23
2020-04-20,1271.0,1266.61,1281.6,1261.37
2020-04-21,1247.0,1216.34,1254.27,1209.71
2020-04-22,1245.54,1263.21,1285.613,1242.0
2020-04-23,1271.55,1276.31,1293.31,1265.67
2020-04-24,1261.17,1279.31,1280.4,1249.45
2020-04-27,1296.0,1275.88,1296.15,1269.0
2020-04-28,1287.93,1233.67,1288.05,1232.2
2020-04-29,1341.46,1341.48,1359.99,1325.34
2020-04-30,1324.88,1348.66,1352.82,1322.49
2020-05-01,1328.5,1320.61,1352.07,1311.0
2020-05-04,1308.23,1326.8,1327.66,1299.0
2020-05-05,1337.92,1351.11,1373.94,1337.46
2020-05-06,1361.69,1347.3,1371.12,1347.29
2020-05-07,1365.94,1372.56,1377.6,1355.27
2020-05-08,1383.13,1388.37,1398.76,1375.48
2020-05-11,1378.28,1403.26,1416.53,1377.152
2020-05-12,1407.12,1375.74,1415.0,1374.77
2020-05-13,1377.05,1349.33,1385.482,1328.4
2020-05-14,1335.02,1356.13,1357.42,1323.91
2020-05-15,1350.0,1373.19,1374.48,1339.0
2020-05-18,1361.75,1383.94,1392.325,1354.25
2020-05-19,1386.997,1373.485,1392.0,1373.485
2020-05-20,1389.58,1406.72,1410.42,1387.25
2020-05-21,1408.0,1402.8,1415.49,1393.45
2020-05-22,1396.71,1410.42,1412.76,1391.83
2020-05-26,1437.27,1417.02,1441.0,1412.13
2020-05-27,1417.25,1417.84,1421.74,1391.29
2020-05-28,1396.86,1416.73,1440.84,1396.0
2020-05-29,1416.94,1428.92,1432.57,1413.35
2020-06-01,1418.39,1431.82,1437.96,1418.0
2020-06-02,1430.55,1439.22,1439.61,1418.83
2020-06-03,1438.3,1436.38,1446.552,1429.777
2020-06-04,1430.4,1412.18,1438.96,1404.73
2020-06-05,1413.17,1438.39,1445.05,1406.0
2020-06-08,1422.34,1446.61,1447.99,1422.34
2020-06-09,1445.36,1456.16,1468.0,1443.21
2020-06-10,1459.54,1465.85,1474.259,1456.27
2020-06-11,1442.48,1403.84,1454.475,1402.0
2020-06-12,1428.49,1413.18,1437.0,1386.02
2020-06-15,1390.8,1419.85,1424.8,1387.92
2020-06-16,1445.22,1442.72,1455.02,1425.9
2020-06-17,1447.16,1451.12,1460.0,1431.38
2020-06-18,1449.16,1435.96,1451.41,1427.01
2020-06-19,1444.0,1431.72,1447.8,1421.35
2020-06-22,1429.0,1451.86,1452.75,1423.21
2020-06-23,1455.64,1464.41,1475.941,1445.24
2020-06-24,1461.51,1431.97,1475.42,1429.75
2020-06-25,1429.9,1441.33,1442.9,1420.0
2020-06-26,1431.39,1359.9,1433.45,1351.99
2020-06-29,1358.18,1394.97,1395.6,1347.01
2020-06-30,1390.44,1413.61,1418.65,1383.96
2020-07-01,1411.1,1438.04,1443.0,1409.82
2020-07-02,1446.94,1464.7,1482.95,1446.42
2020-07-06,1480.06,1495.7,1506.59,1472.86
2020-07-07,1490.0,1485.18,1516.8,1483.55
2020-07-08,1494.32,1496.0,1505.88,1485.63
2020-07-09,1506.45,1510.99,1522.72,1488.085
2020-07-10,1506.15,1541.74,1543.83,1496.54
2020-07-13,1550.0,1511.34,1577.132,1505.243
2020-07-14,1490.31,1520.58,1522.95,1483.5
2020-07-15,1523.13,1513.64,1535.33,1498.0
2020-07-16,1500.0,1518.0,1518.69,1486.31
2020-07-17,1521.62,1515.55,1523.44,1498.42
2020-07-20,1515.26,1565.72,1570.29,1503.6
2020-07-21,1586.99,1558.42,1586.99,1554.28
2020-07-22,1560.5,1568.49,1570.0,1546.1
2020-07-23,1566.97,1515.68,1571.87,1507.3918
2020-07-24,1498.93,1511.87,1517.6362,1488.4
2020-07-27,1515.6,1530.2,1540.97,1515.21
2020-07-28,1525.18,1500.34,1526.48,1497.66
2020-07-29,1506.32,1522.02,1531.2522,1501.33
2020-07-30,1497.0,1531.45,1537.87,1492.22
2020-07-31,1505.01,1482.96,1508.95,1454.03
2020-08-03,1486.64,1474.45,1490.47,1465.64
2020-08-04,1476.57,1464.97,1485.56,1458.65
2020-08-05,1469.3,1473.61,1482.41,1463.46
2020-08-06,1471.75,1500.1,1502.39,1466.0
2020-08-07,1500.0,1494.49,1516.845,1481.64
2020-08-10,1487.18,1496.1,1504.075,1473.08
2020-08-11,1492.44,1480.32,1510.0,1478.0
2020-08-12,1485.58,1506.62,1512.3859,1485.25
2020-08-13,1510.34,1518.45,1537.25,1508.005
2020-08-14,1515.66,1507.73,1521.9,1502.88
2020-08-17,1514.67,1517.98,1525.61,1507.97
2020-08-18,1526.18,1558.6,1562.47,1523.71
2020-08-19,1553.31,1547.53,1573.68,1543.95
2020-08-20,1543.45,1581.75,1585.87,1538.2
2020-08-21,1577.03,1580.42,1597.72,1568.005
2020-08-24,1593.98,1588.2,1614.17,1580.57
2020-08-25,1582.07,1608.22,1611.62,1582.07
2020-08-26,1608.0,1652.38,1659.22,1603.6
2020-08-27,1653.68,1634.33,1655.0,1625.75
2020-08-28,1633.49,1644.41,1647.1699,1630.75
2020-08-31,1647.89,1634.18,1647.965,1630.31
2020-09-01,1636.63,1660.71,1665.73,1632.22
2020-09-02,1673.7754,1728.28,1733.1799,1666.3301
2020-09-03,1709.7143,1641.84,1709.7143,1615.06
2020-09-04,1624.26,1591.04,1645.11,1547.6125
2020-09-08,1533.51,1532.39,1563.865,1528.01
2020-09-09,1557.53,1556.96,1569.0,1536.0511
2020-09-10,1560.64,1532.02,1584.081,1525.805
2020-09-11,1536.0,1520.72,1575.2,1497.36
2020-09-14,1539.005,1519.28,1563.9999,1515.74
2020-09-15,1536.0,1541.44,1559.57,1531.835
2020-09-16,1555.54,1520.9,1562.0,1519.82
2020-09-17,1496.0,1495.53,1508.2984,1470.0001
2020-09-18,1498.01,1459.99,1503.0032,1437.13
2020-09-21,1440.06,1431.16,1448.36,1406.55
2020-09-22,1450.09,1465.46,1469.52,1434.53
2020-09-23,1458.78,1415.21,1460.96,1407.7
2020-09-24,1411.03,1428.29,1443.7088,1409.85
2020-09-25,1432.63,1444.96,1450.0,1413.34
2020-09-28,1474.21,1464.52,1476.8,1449.3012
2020-09-29,1470.39,1469.33,1476.6632,1458.805
2020-09-30,1466.8,1469.6,1489.75,1459.88
2020-10-01,1484.27,1490.09,1499.04,1479.21
2020-10-02,1462.03,1458.42,1483.2,1450.92
2020-10-05,1466.21,1486.02,1488.21,1464.27
2020-10-06,1475.58,1453.44,1486.76,1448.5901
2020-10-07,1464.29,1460.29,1468.96,1436.0
2020-10-08,1465.09,1485.93,1490.0,1465.09
2020-10-09,1494.7,1515.22,1516.52,1489.45
2020-10-12,1543.0,1569.15,1593.86,1532.57
2020-10-13,1583.73,1571.68,1590.0,1563.2
2020-10-14,1578.59,1568.08,1587.6841,1550.53
2020-10-15,1547.15,1559.13,1575.105,1545.03
2020-10-16,1565.85,1573.01,1581.13,1563.0
2020-10-19,1580.46,1534.61,1588.15,1528.0
2020-10-20,1527.05,1555.93,1577.5,1525.67
2020-10-21,1573.33,1593.31,1618.73,1571.6301
2020-10-22,1593.05,1615.33,1621.99,1585.0
2020-10-23,1626.07,1641.0,1642.36,1620.51
2020-10-26,1625.01,1590.45,1638.24,1576.5
2020-10-27,1595.67,1604.26,1606.845,1582.78
2020-10-28,1559.74,1516.62,1561.35,1514.62
2020-10-29,1522.36,1567.24,1593.71,1522.24
2020-10-30,1672.11,1621.01,1687.0,1604.46
2020-11-02,1628.16,1626.03,1660.77,1616.03
2020-11-03,1631.78,1650.21,1661.7,1616.6201
2020-11-04,1710.28,1749.13,1771.365,1706.0301
2020-11-05,1781.0,1763.37,1793.64,1750.51
2020-11-06,1753.95,1761.75,1772.43,1740.35
2020-11-09,1790.9,1763.0,1818.06,1760.02
2020-11-10,1731.09,1740.39,1763.0,1717.3
2020-11-11,1750.0,1752.71,1764.22,1747.365
2020-11-12,1747.63,1749.84,1768.27,1745.6
2020-11-13,1757.63,1777.02,1781.04,1744.55
2020-11-16,1771.7,1781.38,1799.07,1767.69
2020-11-17,1776.94,1770.15,1785.0,1767.0
2020-11-18,1765.23,1746.78,1773.47,1746.14
2020-11-19,1738.38,1763.92,1769.5897,1737.005
2020-11-20,1765.21,1742.19,1774.0,1741.86
2020-11-23,1749.6,1734.86,1753.9,1717.72
2020-11-24,1730.5,1768.88,1771.6,1727.69
2020-11-25,1772.89,1771.43,1778.54,1756.54
2020-11-27,1773.09,1793.19,1804.0,1772.44
2020-11-30,1781.1844,1760.74,1788.065,1755.0
2020-12-01,1774.37,1798.1,1824.83,1769.37
2020-12-02,1798.1,1827.95,1835.65,1789.4725
2020-12-03,1824.01,1826.77,1847.2,1822.65
2020-12-04,1824.52,1827.99,1833.16,1816.99
2020-12-07,1819.0,1819.48,1832.37,1805.78
2020-12-08,1810.1,1818.55,1821.9,1796.2047
2020-12-09,1812.01,1784.13,1834.27,1767.81
2020-12-10,1769.8,1775.33,1781.31,1740.32
2020-12-11,1763.06,1781.77,1784.45,1760.0
2020-12-14,1775.0,1760.06,1797.39,1757.215
2020-12-15,1764.42,1767.77,1771.42,1749.95
2020-12-16,1772.88,1763.0,1773.0,1756.08
2020-12-17,1768.51,1747.9,1771.7836,1738.66
2020-12-18,1754.18,1731.01,1755.11,1720.22
2020-12-21,1713.51,1739.37,1740.85,1699.0
2020-12-22,1734.43,1723.5,1737.405,1712.575
2020-12-23,1728.11,1732.38,1747.99,1725.04
2020-12-24,1735.0,1738.85,1746.0,1729.11
2020-12-28,1751.635,1776.09,1790.7276,1746.335
2020-12-29,1787.79,1758.72,1792.44,1756.09
2020-12-30,1762.01,1739.52,1765.095,1725.6
2020-12-31,1735.42,1751.88,1758.93,1735.42
2021-01-04,1757.54,1728.24,1760.65,1707.85
2021-01-05,1725.0,1740.92,1747.67,1718.015
2021-01-06,1702.63,1735.29,1748.0,1699.0
2021-01-07,1740.06,1787.25,1788.4,1737.05
2021-01-08,1787.98,1807.21,1809.84,1773.535
2021-01-11,1786.07,1766.72,1794.315,1760.5201
2021-01-12,1753.92,1746.55,1778.04,1725.31
2021-01-13,1738.58,1754.4,1765.035,1738.01
2021-01-14,1753.62,1740.18,1775.01,1733.4
2021-01-15,1738.19,1736.19,1756.0,1721.55
2021-01-19,1752.25,1790.86,1809.275,1741.46
2021-01-20,1831.46,1886.9,1903.71,1825.53
2021-01-21,1898.0,1891.25,1934.86,1887.11
2021-01-22,1895.68,1901.05,1910.95,1881.76
2021-01-25,1920.67,1899.4,1929.58,1867.53
2021-01-26,1888.84,1917.24,1925.0,1884.245
2021-01-27,1882.53,1830.79,1890.0,1809.0
2021-01-28,1843.94,1863.11,1898.83,1842.64
2021-01-29,1846.17,1835.74,1857.28,1810.2
2021-02-01,1853.57,1901.35,1922.3918,1850.93
2021-02-02,1922.56,1927.51,1955.76,1914.49
2021-02-03,2073.0,2070.07,2116.5,2018.38
2021-02-04,2068.89,2062.37,2078.55,2042.59
2021-02-05,2070.0,2098.0,2102.51,2059.33
2021-02-08,2105.91,2092.91,2123.5469,2072.0
2021-02-09,2078.54,2083.51,2105.13,2078.54
2021-02-10,2094.21,2095.38,2108.37,2063.09
2021-02-11,2099.51,2095.89,2102.03,2077.32
2021-02-12,2090.25,2104.11,2108.82,2083.13
2021-02-16,2104.36,2121.9,2152.68,2104.36
2021-02-17,2100.0,2128.31,2133.66,2098.92
2021-02-18,2110.39,2117.2,2132.735,2103.71
2021-02-19,2119.27,2101.14,2130.53,2097.41
2021-02-22,2067.0,2064.88,2091.42,2062.14
2021-02-23,2025.01,2070.86,2082.01,2002.02
2021-02-24,2041.83,2095.17,2100.78,2038.13
2021-02-25,2067.45,2031.36,2094.88,2021.29
2021-02-26,2050.52,2036.86,2071.0099,2016.06
2021-03-01,2056.52,2081.51,2086.52,2046.1
2021-03-02,2076.19,2075.84,2104.37,2071.26
2021-03-03,2067.21,2026.71,2088.518,2010.0
2021-03-04,2023.37,2049.09,2089.24,2020.27
2021-03-05,2073.12,2108.54,2118.11,2046.415
2021-03-08,2101.13,2024.17,2128.81,2021.61
2021-03-09,2070.0,2052.7,2078.04,2047.83
2021-03-10,2071.76,2055.03,2075.0,2033.37
2021-03-11,2074.06,2114.77,2125.7,2072.38
2021-03-12,2085.0,2061.92,2090.26,2047.55
2021-03-15,2062.3,2066.49,2067.06,2043.51
2021-03-16,2078.99,2092.52,2123.56,2070.0
2021-03-17,2076.03,2091.08,2109.78,2054.0
2021-03-18,2061.0,2036.22,2075.5,2033.55
2021-03-19,2042.05,2043.2,2053.1,2017.68
2021-03-22,2041.84,2038.59,2057.99,2026.07
2021-03-23,2051.7,2052.96,2072.3025,2039.22
2021-03-24,2065.37,2045.06,2078.21,2041.555
2021-03-25,2044.81,2044.36,2058.87,2010.73
2021-03-26,2038.86,2035.55,2050.99,2014.0201
2021-03-29,2027.88,2055.95,2058.43,2015.62
2021-03-30,2057.63,2055.54,2070.78,2044.03
2021-03-31,2059.12,2068.63,2093.3273,2056.745
2021-04-01,2097.95,2137.75,2142.94,2096.89
2021-04-05,2152.94,2225.55,2237.31,2151.62
2021-04-06,2222.5,2224.75,2237.66,2214.8
2021-04-07,2226.13,2249.68,2255.0,2225.3303
2021-04-08,2277.96,2265.44,2284.005,2257.68
2021-04-09,2256.7,2285.88,2289.04,2253.7139
2021-04-12,2266.25,2254.79,2275.32,2238.465
2021-04-13,2261.47,2267.27,2277.21,2256.09
2021-04-14,2275.16,2254.84,2277.99,2249.19
2021-04-15,2276.98,2296.66,2306.5965,2266.0
2021-04-16,2303.0,2297.76,2306.44,2284.45
2021-04-19,2291.98,2302.4,2318.45,2287.845
2021-04-20,2307.89,2293.63,2309.6,2271.71
2021-04-21,2285.25,2293.29,2295.32,2258.57
2021-04-22,2293.23,2267.92,2303.7621,2256.45
2021-04-23,2283.47,2315.3,2325.82,2278.21
2021-04-26,2319.93,2326.74,2341.26,2313.84
2021-04-27,2336.0,2307.12,2337.45,2304.27
2021-04-28,2407.145,2379.91,2452.378,2374.85
2021-04-29,2410.33,2429.89,2436.52,2402.28
2021-04-30,2404.49,2410.12,2427.14,2402.16
2021-05-03,2402.72,2395.17,2419.7,2384.5
2021-05-04,2369.74,2354.25,2379.26,2311.7
2021-05-05,2368.42,2356.74,2382.2,2351.41
2021-05-06,2350.64,2381.35,2382.71,2342.3382
2021-05-07,2400.0,2398.69,2416.41,2390.0
2021-05-10,2374.89,2341.66,2378.0,2334.73
2021-05-11,2291.86,2308.76,2322.0,2283.0
2021-05-12,2261.71,2239.08,2285.37,2230.05
2021-05-13,2261.09,2261.97,2276.6012,2242.72
2021-05-14,2291.83,2316.16,2321.14,2283.32
2021-05-17,2309.32,2321.41,2323.34,2295.0
2021-05-18,2336.9056,2303.43,2343.15,2303.16
2021-05-19,2264.4,2308.71,2316.76,2263.52
2021-05-20,2328.04,2356.09,2360.34,2321.09
2021-05-21,2365.99,2345.1,2368.9999,2342.37
2021-05-24,2367.0,2406.67,2418.48,2360.11
2021-05-25,2420.0,2409.07,2432.89,2402.99
2021-05-26,2412.835,2433.53,2442.944,2412.515
2021-05-27,2436.94,2402.51,2440.0,2402.0
2021-05-28,2421.96,2411.56,2428.14,2407.69
2021-06-01,2422.0,2429.81,2437.9709,2404.88
2021-06-02,2435.31,2421.28,2442.0,2404.2
2021-06-03,2395.02,2404.61,2409.745,2382.83
2021-06-04,2422.52,2451.76,2453.859,2417.77
2021-06-07,2451.32,2466.09,2468.0,2441.0725
2021-06-08,2479.9,2482.85,2494.495,2468.24
2021-06-09,2499.5,2491.4,2505.0,2487.33
2021-06-10,2494.01,2521.6,2523.26,2494.0
2021-06-11,2524.92,2513.93,2526.99,2498.29
2021-06-14,2513.39,2527.04,2528.23,2500.94
2021-06-15,2530.44,2520.66,2537.24,2512.97
2021-06-16,2524.95,2513.93,2530.47,2482.9994
2021-06-17,2510.46,2527.42,2543.93,2510.3
2021-06-18,2514.11,2511.35,2527.78,2492.06
2021-06-21,2514.8,2529.1,2540.7349,2502.685
2021-06-22,2529.0,2539.99,2545.4,2520.53
2021-06-23,2531.0,2529.23,2555.92,2525.04
2021-06-24,2541.07,2545.64,2550.71,2539.2
2021-06-25,2539.14,2539.9,2550.1,2528.88
2021-06-28,2540.0,2536.39,2546.74,2519.4756
2021-06-29,2535.45,2520.37,2540.0,2508.74
2021-06-30,2513.0713,2506.32,2516.0,2495.15
2021-07-01,2496.995,2527.37,2529.25,2496.995
2021-07-02,2536.79,2574.38,2576.96,2535.38
2021-07-06,2588.99,2595.42,2597.69,2568.18
2021-07-07,2606.82,2601.55,2612.7983,2595.2
2021-07-08,2565.0,2583.54,2600.65,2560.8
2021-07-09,2578.89,2591.49,2596.99,2578.87
2021-07-12,2596.67,2611.28,2615.4,2592.0
2021-07-13,2617.63,2619.89,2640.8399,2612.74
2021-07-14,2638.03,2641.65,2659.9199,2637.96
2021-07-15,2650.0,2625.33,2651.9,2611.96
2021-07-16,2632.82,2636.91,2643.66,2616.43
2021-07-19,2623.11,2585.08,2624.94,2570.74
2021-07-20,2600.08,2622.03,2640.0271,2583.7675
2021-07-21,2615.74,2652.01,2652.345,2612.03
2021-07-22,2653.0,2666.57,2670.09,2648.0
2021-07-23,2705.2,2756.32,2776.17,2694.01
2021-07-26,2765.0,2792.89,2794.26,2753.0201
2021-07-27,2800.22,2735.93,2800.22,2702.0
2021-07-28,2771.24,2727.63,2793.52,2727.0
2021-07-29,2727.612,2730.81,2743.03,2722.76
2021-07-30,2710.22,2704.42,2715.4273,2696.284
2021-08-02,2709.69,2719.79,2720.41,2693.39
2021-08-03,2720.0,2725.6,2726.71,2683.67
2021-08-04,2724.99,2720.57,2730.76,2708.3
2021-08-05,2720.57,2738.8,2739.0,2712.0
2021-08-06,2725.9,2740.72,2741.6009,2720.93
2021-08-09,2738.98,2760.04,2766.43,2728.575
2021-08-10,2761.59,2761.93,2771.03,2744.53
2021-08-11,2765.66,2753.79,2776.955,2747.0
2021-08-12,2754.26,2767.79,2768.36,2735.58
2021-08-13,2767.15,2768.12,2773.48,2760.1
2021-08-16,2760.0,2778.32,2779.81,2723.315
2021-08-17,2763.82,2746.01,2774.37,2735.75
2021-08-18,2742.31,2731.4,2765.88,2728.42
2021-08-19,2709.35,2738.27,2749.04,2707.12
2021-08-20,2741.66,2768.74,2772.29,2729.34
2021-08-23,2779.97,2821.99,2843.5399,2774.9586
2021-08-24,2830.87,2847.97,2860.15,2827.07
2021-08-25,2857.66,2859.0,2866.26,2848.79
2021-08-26,2852.37,2842.46,2862.696,2841.83
2021-08-27,2842.25,2891.01,2900.22,2840.4
2021-08-30,2894.09,2909.39,2929.7899,2892.0
2021-08-31,2917.69,2909.24,2922.24,2900.0
2021-09-01,2913.0,2916.84,2936.4099,2912.29
2021-09-02,2918.99,2884.38,2926.5,2882.13
2021-09-03,2882.92,2895.5,2907.54,2870.1
2021-09-07,2894.99,2910.38,2916.48,2890.82
2021-09-08,2907.87,2897.67,2911.02,2884.0
2021-09-09,2897.67,2898.27,2913.39,2888.68
2021-09-10,2908.87,2838.42,2920.38,2834.83
2021-09-13,2864.02,2869.3,2883.82,2845.65
2021-09-14,2883.22,2868.12,2894.55,2858.11
2021-09-15,2875.18,2904.12,2911.63,2845.12
2021-09-16,2902.42,2887.47,2904.0,2868.3272
2021-09-17,2875.97,2829.27,2884.99,2821.23
2021-09-20,2780.0035,2780.34,2787.25,2741.06
2021-09-21,2802.34,2792.93,2816.2323,2778.11
2021-09-22,2801.01,2818.77,2831.67,2789.435
2021-09-23,2832.19,2836.53,2845.0493,2821.93
2021-09-24,2818.92,2852.66,2858.07,2817.01
2021-09-27,2831.71,2830.02,2850.0,2810.0
2021-09-28,2781.77,2723.68,2792.13,2714.0
2021-09-29,2742.1938,2690.42,2747.97,2685.0
2021-09-30,2686.5,2665.31,2711.8,2660.0
2021-10-01,2671.09,2729.25,2741.42,2667.55
2021-10-04,2713.99,2675.3,2714.0,2623.33
2021-10-05,2680.0,2723.54,2747.24,2680.0
2021-10-06,2692.51,2747.08,2757.04,2689.73
2021-10-07,2777.26,2783.71,2803.0891,2771.26
2021-10-08,2798.12,2801.12,2806.34,2788.5868
2021-10-11,2796.0,2776.95,2815.2725,2776.13
2021-10-12,2792.75,2734.26,2793.9,2725.0
2021-10-13,2755.0,2758.0,2771.0,2739.53
2021-10-14,2799.04,2828.24,2833.03,2786.78
2021-10-15,2844.0,2833.5,2844.0,2821.29
2021-10-18,2824.27,2859.21,2859.975,2824.27
2021-10-19,2865.83,2876.44,2882.14,2861.92
2021-10-20,2884.45,2848.3,2884.955,2838.24
2021-10-21,2843.84,2855.61,2856.99,2832.74
2021-10-22,2807.02,2772.5,2831.17,2743.41
2021-10-25,2776.21,2775.46,2784.116,2734.97
2021-10-26,2812.12,2793.44,2816.79,2780.11
2021-10-27,2798.05,2928.55,2982.36,2798.05
2021-10-28,2945.98,2922.58,2948.49,2895.27
2021-10-29,2910.4,2965.41,2972.26,2903.33
2021-11-01,2963.3,2875.48,2967.99,2871.59
2021-11-02,2896.1877,2917.26,2938.41,2892.82
2021-11-03,2925.5,2935.8,2938.21,2901.07
2021-11-04,2944.0,2973.66,2999.0,2932.7
2021-11-05,2987.07,2984.82,3011.4145,2973.04
2021-11-08,3000.0,2987.03,3020.6899,2982.4
2021-11-09,2994.92,2984.97,3007.57,2950.14
2021-11-10,2960.195,2932.52,2973.9999,2906.5
2021-11-11,2942.14,2934.96,2970.045,2933.89
2021-11-12,2956.63,2992.91,2997.19,2929.08
2021-11-15,3000.0,2987.76,3009.54,2973.05
2021-11-16,2983.41,2981.52,2996.65,2967.0
2021-11-17,2984.58,2981.24,2992.52,2971.26
2021-11-18,2982.92,3014.18,3032.2,2979.97
2021-11-19,3020.0,2999.05,3037.0,2997.75
2021-11-22,3002.8352,2941.57,3014.89,2940.11
2021-11-23,2942.26,2935.14,2953.88,2897.79
2021-11-24,2927.0,2934.35,2940.0,2903.98
2021-11-26,2900.31,2856.12,2905.9404,2849.71
2021-11-29,2885.97,2922.28,2937.24,2885.97
2021-11-30,2909.005,2849.04,2932.57,2841.32
2021-12-01,2884.25,2832.36,2929.9825,2830.0
2021-12-02,2836.48,2875.53,2893.5,2819.64
2021-12-03,2889.91,2850.41,2904.2599,2823.0
2021-12-06,2871.48,2875.93,2887.03,2812.94
2021-12-07,2919.0,2960.73,2966.0,2914.05
2021-12-08,2966.63,2974.41,2983.13,2944.0
2021-12-09,2963.52,2962.12,2992.1,2950.58
2021-12-10,2982.0,2973.5,2988.0,2947.15
2021-12-13,2968.88,2934.09,2971.25,2927.2
2021-12-14,2895.4,2899.41,2908.84,2844.85
2021-12-15,2887.32,2947.37,2950.345,2854.11
2021-12-16,2961.54,2896.77,2971.03,2881.85
2021-12-17,2854.29,2856.06,2889.2019,2835.76
2021-12-20,2813.5919,2848.03,2852.21,2805.0
2021-12-21,2863.0,2884.41,2893.8413,2834.7
2021-12-22,2882.0,2938.98,2946.06,2879.26
2021-12-23,2941.79,2942.85,2971.4519,2939.0168
2021-12-27,2949.27,2961.28,2968.53,2945.0
2021-12-28,2967.49,2928.96,2967.49,2918.71
2021-12-29,2928.59,2930.09,2943.675,2910.09
2021-12-30,2929.0,2920.05,2941.25,2915.17
2021-12-31,2910.88,2893.59,2927.3,2893.55
2022-01-03,2889.51,2901.49,2911.0,2870.05
2022-01-04,2911.01,2888.33,2932.2,2876.3225
2022-01-05,2883.62,2753.07,2885.96,2750.47
2022-01-06,2749.95,2751.02,2793.72,2735.27
2022-01-07,2758.1,2740.09,2765.0949,2715.78
2022-01-10,2701.98,2771.48,2772.8,2662.81
2022-01-11,2763.61,2800.35,2806.59,2736.27
2022-01-12,2831.09,2832.96,2856.2849,2822.24
2022-01-13,2836.81,2782.62,2863.71,2778.28
2022-01-14,2750.0,2795.73,2824.01,2750.0
2022-01-18,2732.0,2725.81,2747.8299,2712.34
2022-01-19,2738.77,2713.04,2767.99,2710.0
2022-01-20,2730.28,2670.13,2758.24,2662.89
2022-01-21,2660.24,2601.84,2695.21,2600.02
2022-01-24,2520.55,2607.44,2615.57,2492.839
2022-01-25,2568.71,2534.71,2586.77,2527.56
2022-01-26,2611.85,2584.8,2656.15,2543.07
2022-01-27,2627.22,2582.42,2652.1988,2578.9
2022-01-28,2600.0,2665.79,2667.41,2573.89
2022-01-31,2683.96,2713.97,2716.87,2645.48
2022-02-01,2756.7,2757.57,2764.0,2691.3645
2022-02-02,3037.27,2960.73,3042.0,2911.1501
2022-02-03,2905.9,2853.01,2982.3544,2844.1
2022-02-04,2860.34,2860.32,2890.705,2796.35
2022-02-07,2874.18,2778.76,2876.9299,2773.98
2022-02-08,2779.825,2784.26,2796.7424,2737.46
2022-02-09,2816.995,2829.06,2843.51,2807.54
2022-02-10,2790.0,2772.05,2828.62,2761.0
2022-02-11,2775.0,2682.6,2785.665,2665.77
2022-02-14,2667.31,2706.0,2723.3299,2666.04
2022-02-15,2749.43,2728.51,2758.0,2710.7901
2022-02-16,2728.61,2749.75,2758.92,2696.4728
2022-02-17,2723.0,2646.17,2736.79,2644.04
2022-02-18,2660.75,2609.35,2676.48,2606.1405
2022-02-22,2599.7,2588.05,2638.015,2554.82
2022-02-23,2621.57,2551.7,2634.98,2550.07
2022-02-24,2500.0,2653.47,2660.74,2495.29
2022-02-25,2670.51,2690.39,2707.78,2635.3
2022-02-28,2665.69,2697.82,2712.81,2656.505
2022-03-01,2689.6,2683.36,2722.22,2667.57
2022-03-02,2692.165,2695.03,2712.31,2668.65
2022-03-03,2719.57,2686.16,2734.2759,2668.62
2022-03-04,2667.65,2642.44,2683.98,2608.17
2022-03-07,2638.08,2529.29,2638.08,2528.2
2022-03-08,2525.01,2545.57,2624.93,2517.215
2022-03-09,2628.0,2677.32,2683.97,2601.76
2022-03-10,2629.25,2653.64,2670.77,2628.02
2022-03-11,2679.99,2609.51,2684.0,2605.93
2022-03-14,2611.46,2534.82,2620.52,2528.26
2022-03-15,2554.83,2593.21,2610.345,2531.36
2022-03-16,2620.0,2673.81,2675.42,2584.02
2022-03-17,2666.42,2692.01,2694.7899,2654.38
2022-03-18,2677.68,2736.03,2738.27,2658.64
2022-03-21,2736.95,2729.57,2751.65,2692.23
2022-03-22,2730.0,2805.55,2830.0,2730.0
2022-03-23,2782.77,2770.07,2800.5,2763.33
2022-03-24,2785.45,2826.24,2827.93,2760.7876
2022-03-25,2835.08,2830.43,2839.19,2793.99
2022-03-28,2813.69,2839.0,2839.53,2796.5627
2022-03-29,2863.21,2865.0,2883.25,2849.68
2022-03-30,2857.4,2852.89,2869.61,2843.36
2022-03-31,2848.97,2792.99,2852.89,2792.38
2022-04-01,2800.2,2814.0,2819.0,2775.94
2022-04-04,2816.49,2872.85,2880.875,2816.49
2022-04-05,2867.99,2821.26,2871.8,2818.87
2022-04-06,2783.23,2743.52,2796.97,2728.3622
2022-04-07,2732.36,2729.3,2754.03,2697.145
2022-04-08,2725.0,2680.21,2725.0,2675.0501
2022-04-11,2658.0,2595.93,2658.7836,2592.35
2022-04-12,2648.47,2567.49,2648.47,2551.52
2022-04-13,2572.53,2605.72,2613.115,2568.7719
2022-04-14,2612.99,2545.06,2614.205,2542.23
2022-04-18,2548.2,2559.22,2574.24,2531.5693
2022-04-19,2561.54,2610.62,2618.075,2549.03
2022-04-20,2625.68,2564.91,2638.47,2557.8811
2022-04-21,2587.0,2498.75,2606.15,2493.0
2022-04-22,2500.0,2392.28,2509.04,2382.81
2022-04-25,2388.59,2465.0,2465.56,2375.385
2022-04-26,2455.0,2390.12,2455.0,2383.237
2022-04-27,2287.46,2300.41,2350.0,2262.485
2022-04-28,2342.3,2388.23,2408.77,2302.8778
2022-04-29,2351.56,2299.33,2379.2,2293.88
2022-05-02,2278.13,2343.14,2346.79,2267.99
2022-05-03,2335.3,2362.59,2386.0,2332.54
2022-05-04,2360.07,2451.5,2462.86,2314.77
2022-05-05,2404.41,2334.93,2424.665,2303.65
2022-05-06,2310.38,2313.2,2349.97,2282.86
2022-05-09,2266.07,2261.68,2311.2581,2251.03
2022-05-10,2320.81,2291.69,2333.82,2267.6657
2022-05-11,2274.21,2279.22,2333.42,2273.0
2022-05-12,2238.76,2263.22,2297.13,2202.27
2022-05-13,2296.91,2330.31,2361.7,2280.0
2022-05-16,2307.68,2295.85,2332.15,2286.7
2022-05-17,2344.55,2334.03,2344.55,2306.75
2022-05-18,2304.75,2248.02,2313.9134,2242.84
2022-05-19,2236.82,2214.91,2271.75,2209.36
2022-05-20,2241.71,2186.26,2251.0,2127.46
2022-05-23,2202.08,2233.33,2240.11,2183.085
2022-05-24,2127.55,2118.52,2127.9,2044.16
2022-05-25,2102.84,2116.79,2130.8938,2084.225
2022-05-26,2121.01,2165.92,2179.105,2109.76
2022-05-27,2195.77,2255.98,2257.36,2191.0
2022-05-31,2261.58,2280.78,2328.67,2251.45
2022-06-01,2298.63,2282.74,2347.98,2271.01
2022-06-02,2283.76,2354.92,2357.96,2266.16
2022-06-03,2319.85,2291.28,2327.29,2273.36
2022-06-06,2334.85,2340.21,2387.9696,2330.5658
2022-06-07,2312.96,2344.59,2354.9725,2302.5101
2022-06-08,2337.53,2344.76,2372.92,2333.935
2022-06-09,2326.83,2298.36,2367.0,2297.34
2022-06-10,2255.625,2228.55,2269.94,2217.22
2022-06-13,2148.92,2137.53,2184.37,2131.7611
2022-06-14,2137.8,2143.88,2169.15,2127.04
2022-06-15,2177.99,2207.81,2241.26,2162.375
2022-06-16,2162.99,2132.72,2185.81,2115.8501
2022-06-17,2130.7,2157.31,2184.99,2112.5706
2022-06-21,2194.04,2240.3,2253.46,2185.87
2022-06-22,2223.26,2240.68,2275.39,2214.4857
2022-06-23,2259.0,2253.69,2263.93,2220.58
2022-06-24,2272.06,2370.76,2372.75,2272.06
2022-06-27,2378.7,2332.45,2385.0,2320.015
2022-06-28,2327.02,2251.43,2357.13,2248.88
2022-06-29,2242.97,2245.13,2273.29,2231.0801
2022-06-30,2209.99,2187.45,2226.596,2146.2
2022-07-01,2166.74,2181.62,2196.1273,2142.1
2022-07-05,2150.29,2277.74,2281.0516,2124.9901
2022-07-06,2281.84,2304.27,2327.04,2245.01
2022-07-07,2320.16,2386.12,2397.2399,2310.68
2022-07-08,2351.0,2403.37,2408.7,2350.28
2022-07-11,2373.0,2330.45,2375.89,2324.69
2022-07-12,2336.77,2296.99,2356.9899,2292.3001
2022-07-13,2252.78,2243.74,2303.1399,2236.46
2022-07-14,2216.52,2228.8,2239.75,2186.51
2022-07-15,2259.26,2255.34,2280.01,2236.45
2022-07-18,113.44,109.91,114.8,109.3
2022-07-19,111.73,114.62,114.81,110.5
2022-07-20,114.06,114.7,116.33,113.26
2022-07-21,115.09,115.04,115.21,111.91
2022-07-22,111.81,108.36,113.18,107.6
2022-07-25,108.88,108.21,110.58,107.01
2022-07-26,107.43,105.44,107.74,104.76
2022-07-27,109.6,113.6,114.4,108.42
2022-07-28,112.8,114.59,114.7,111.851
2022-07-29,113.4,116.64,116.9,113.23
2022-08-01,115.53,115.48,117.12,114.69
2022-08-02,114.43,115.9,117.08,114.26
2022-08-03,116.34,118.78,119.42,116.15
2022-08-04,118.3,118.87,119.5,117.71
2022-08-05,116.93,118.22,118.86,116.71
2022-08-08,119.12,118.14,120.86,117.83
2022-08-09,117.99,117.5,118.2,116.56
2022-08-10,119.59,120.65,121.78,119.36
2022-08-11,122.08,119.82,122.3402,119.55
2022-08-12,121.16,122.65,122.65,120.4001
2022-08-15,122.21,122.88,123.26,121.57
2022-08-16,122.32,122.51,123.2276,121.535
2022-08-17,120.93,120.32,122.15,120.2
2022-08-18,120.23,120.86,121.69,119.5502
2022-08-19,119.87,118.12,120.0,117.67
2022-08-22,116.1,115.07,116.5,114.67
2022-08-23,114.32,114.77,115.93,114.3
2022-08-24,114.45,114.7,115.7171,113.78
2022-08-25,115.15,117.7,117.78,115.05
2022-08-26,115.81,111.3,116.6,111.22
2022-08-29,110.78,110.34,111.96,109.81
2022-08-30,111.03,109.91,111.37,108.8
2022-08-31,111.63,109.15,111.77,109.05
2022-09-01,109.2,110.55,111.22,108.19
2022-09-02,111.34,108.68,111.675,108.13
2022-09-06,108.135,107.48,108.88,106.51
2022-09-07,107.76,110.48,110.99,107.615
2022-09-08,109.18,109.42,110.58,108.06
2022-09-09,110.05,111.78,112.0,110.0
2022-09-12,111.99,111.87,112.64,110.93
2022-09-13,108.89,105.31,109.37,105.0
2022-09-14,105.44,105.87,106.1,104.5
2022-09-15,105.01,103.9,106.21,103.31
2022-09-16,102.97,103.63,104.03,101.855
2022-09-19,102.54,103.85,104.02,102.37
2022-09-20,102.88,101.83,103.17,101.12
2022-09-21,102.24,100.01,103.49,99.99
2022-09-22,99.45,100.57,101.68,99.41
2022-09-23,100.06,99.17,100.11,98.01
2022-09-26,98.61,98.81,100.44,98.38
2022-09-27,99.91,98.09,100.46,97.34
2022-09-28,98.02,100.74,101.4,97.8
2022-09-29,99.3,98.09,99.3,96.52
2022-09-30,97.73,96.15,99.494,96.03
2022-10-03,97.22,99.3,99.97,97.02
2022-10-04,101.04,102.41,102.72,101.04
2022-10-05,100.69,102.22,102.74,99.74
2022-10-06,101.5,102.24,103.73,101.5
2022-10-07,100.65,99.57,101.42,99.21
2022-10-10,99.85,98.71,99.99,97.87
2022-10-11,98.25,98.05,100.12,97.25
2022-10-12,98.27,98.3,99.6476,97.67
2022-10-13,95.93,99.71,100.53,95.27
2022-10-14,100.625,97.18,101.29,97.03
2022-10-17,99.52,100.78,101.77,99.51
2022-10-18,103.94,101.39,104.22,100.65
2022-10-19,100.7,100.29,101.6592,99.635
2022-10-20,100.82,100.53,103.0,99.97
2022-10-21,98.46,101.48,101.62,98.23
2022-10-24,102.09,102.97,103.1,100.3
2022-10-25,103.3,104.93,105.0999,103.02
2022-10-26,96.76,94.82,98.54,94.57
2022-10-27,94.31,92.6,95.17,91.9
2022-10-28,92.53,96.58,96.86,92.3225
2022-10-31,95.78,94.66,96.35,94.38
2022-11-01,95.59,90.5,96.165,90.43
2022-11-02,90.91,87.07,91.3,87.01
2022-11-03,86.345,83.49,86.55,83.45
2022-11-04,85.51,86.7,86.73,83.88
2022-11-07,87.34,88.65,88.94,86.96
2022-11-08,89.16,88.91,90.405,87.65
2022-11-09,88.545,87.4,89.49,87.3599
2022-11-10,92.34,94.17,94.55,91.65
2022-11-11,94.71,96.73,97.36,94.16
2022-11-14,95.5,96.03,97.18,95.1125
2022-11-15,98.67,98.72,100.42,97.02
2022-11-16,98.02,98.99,99.85,97.9015
2022-11-17,97.18,98.5,99.48,97.1
2022-11-18,99.01,97.8,99.16,96.74
2022-11-21,97.56,95.83,98.72,95.67
2022-11-22,96.16,97.33,97.5475,94.41
2022-11-23,97.34,98.82,99.0685,97.34
2022-11-25,98.465,97.6,98.94,97.53
2022-11-28,97.2,96.25,97.83,95.89
2022-11-29,96.0,95.44,96.3901,94.39
2022-11-30,95.12,101.45,101.45,94.67
2022-12-01,101.4,101.28,102.59,100.67
2022-12-02,99.37,100.83,101.15,99.17
2022-12-05,99.815,99.87,101.7499,99.355
2022-12-06,99.67,97.31,100.21,96.7604
2022-12-07,96.77,95.15,97.31,95.025
2022-12-08,95.69,93.95,95.87,93.8
2022-12-09,93.9,93.07,94.49,93.02
2022-12-12,93.09,93.56,93.8745,91.9
2022-12-13,98.07,95.85,99.8,95.38
